time,country,E_gtco2
2020,USA,3.855828885498071
2021,USA,3.883728202557821
2022,USA,3.9097986967517673
2023,USA,3.9342219286500653
2024,USA,3.9571897581812503
2025,USA,3.978901794082908
2026,USA,3.995499490179719
2027,USA,4.0108984714047535
2028,USA,4.025273512929044
2029,USA,4.038786564461518
2030,USA,3.280952762234235
2031,USA,3.2080963809607983
2032,USA,3.1339149961056054
2033,USA,3.0599194419923146
2034,USA,2.9874386865042775
2035,USA,2.9132815978451116
2036,USA,2.8419123372070434
2037,USA,2.771353189588392
2038,USA,2.7015300421169877
2039,USA,2.629705467789266
2040,USA,2.561234208857702
2041,USA,2.469457029357902
2042,USA,2.3803037372980573
2043,USA,2.291107456456067
2044,USA,2.2018311997640976
2045,USA,2.1136204758528874
2046,USA,2.0278064242896554
2047,USA,1.9428201603164819
2048,USA,1.8563614792120837
2049,USA,1.7729197385042246
2050,USA,1.6879823682785011
2051,USA,1.6279335667834636
2052,USA,1.5678404259889294
2053,USA,1.508773106171149
2054,USA,1.4486528540046686
2055,USA,1.3895672474886016
2056,USA,1.3329380916967786
2057,USA,1.277195583080307
2058,USA,1.220387310587891
2059,USA,1.1625784600060198
2060,USA,1.107592070669042
2061,USA,1.036378376618627
2062,USA,0.9664963188657235
2063,USA,0.8961142154318775
2064,USA,0.8270362890323264
2065,USA,0.7574846449369713
2066,USA,0.6888474717826084
2067,USA,0.6197912048770337
2068,USA,0.552008888809322
2069,USA,0.4838380115855254
2070,USA,0.4153168068548426
2071,USA,0.36832479190979045
2072,USA,0.32050390052935734
2073,USA,0.2734418936347183
2074,USA,0.22712512513449992
2075,USA,0.181539316693703
2076,USA,0.13359914153423388
2077,USA,0.08796039195303186
2078,USA,0.04165584891479212
2079,USA,0.0
2080,USA,0.0
2081,USA,0.0
2082,USA,0.0
2083,USA,0.0
2084,USA,0.0
2085,USA,0.0
2086,USA,0.0
2087,USA,0.0
2088,USA,0.0
2089,USA,0.0
2090,USA,0.0
2091,USA,0.0
2092,USA,0.0
2093,USA,3.648967920589488e-16
2094,USA,0.0
2095,USA,0.0
2096,USA,0.0
2097,USA,0.0
2098,USA,0.0
2099,USA,0.0
2100,USA,0.0
2101,USA,2.77585339123101
2102,USA,2.7141948030831733
2103,USA,2.6524818307843527
2104,USA,2.5908036232730844
2105,USA,2.5292473109934734
2106,USA,2.467897526592602
2107,USA,2.4068330633814172
2108,USA,2.3461265889752325
2109,USA,2.2858458854018
2110,USA,2.2260537720416527
2111,USA,2.1668081712666285
2112,USA,2.108161361619284
2113,USA,2.0501661882606506
2114,USA,1.992874900910252
2115,USA,1.9363356090416026
2116,USA,1.880590971356455
2117,USA,1.825678210002971
2118,USA,1.7716309110216344
2119,USA,1.7184777845727008
2120,USA,1.6662439792480452
2121,USA,1.6149503323751129
2122,USA,1.5646141677335423
2123,USA,1.5152511027189453
2124,USA,1.4668785178623205
2125,USA,1.4195111632248623
2126,USA,1.3731599456740184
2127,USA,1.3278340664828603
2128,USA,1.283538152079805
2129,USA,1.2402740576601907
2130,USA,1.1980414626614855
2131,USA,1.1568374378735298
2132,USA,1.1166562895769376
2133,USA,1.0774935094045683
2134,USA,1.0393454100669248
2135,USA,1.0022068190130449
2136,USA,0.9660715990635822
2137,USA,0.930931499288046
2138,USA,0.8967756222420509
2139,USA,0.8635914084194996
2140,USA,0.8313658492738053
2141,USA,0.8000850276100727
2142,USA,0.7697338955589266
2143,USA,0.7402969519594483
2144,USA,0.7117593909972939
2145,USA,0.6841062514506194
2146,USA,0.657321905867738
2147,USA,0.6313907176117393
2148,USA,0.6062961064721312
2149,USA,0.5820208917160968
2150,USA,0.5585478321511664
2151,USA,0.5358592123757431
2152,USA,0.5139371554889318
2153,USA,0.49276339248997164
2154,USA,0.472319282846699
2155,USA,0.4525866813136005
2156,USA,0.43354851982688647
2157,USA,0.4151879709512603
2158,USA,0.3974879876163621
2159,USA,0.3804315424311277
2160,USA,0.3640013966875145
2161,USA,0.3481800756026813
2162,USA,0.33295005064825656
2163,USA,0.31829383243916964
2164,USA,0.3041940550700546
2165,USA,0.2906338460730965
2166,USA,0.2775974953420005
2167,USA,0.26506956654902536
2168,USA,0.25303476465921115
2169,USA,0.24147805720810617
2170,USA,0.23038415847396762
2171,USA,0.2197379313302092
2172,USA,0.20952449729133868
2173,USA,0.19972923407748616
2174,USA,0.1903377180588727
2175,USA,0.18133605219680674
2176,USA,0.17271091319491733
2177,USA,0.16444938163978495
2178,USA,0.1565389690665016
2179,USA,0.14896744801988906
2180,USA,0.14172269234570437
2181,USA,0.13479278374377826
2182,USA,0.1281661030101482
2183,USA,0.12183132538159167
2184,USA,0.11577744208988439
2185,USA,0.1099937290974432
2186,USA,0.10446974385956537
2187,USA,0.09919529827110443
2188,USA,0.09416067020580496
2189,USA,0.0893565413347393
2190,USA,0.08477380856122346
2191,USA,0.08040375332349196
2192,USA,0.07623793053229196
2193,USA,0.07226803203229032
2194,USA,0.06848596078627447
2195,USA,0.06488388544608986
2196,USA,0.06145423492694007
2197,USA,0.05818964969160548
2198,USA,0.05508304258409061
2199,USA,0.052127670528819225
2200,USA,0.049317116912409885
2201,USA,0.04664519836606954
2202,USA,0.04410591772600144
2203,USA,0.04169343656221817
2204,USA,0.03940208900430224
2205,USA,0.03722644488829227
2206,USA,0.035161274927444856
2207,USA,0.033201541930774174
2208,USA,0.03134239750617011
2209,USA,0.029579165183104102
2210,USA,0.027907365075529097
2211,USA,0.026322723448643722
2212,USA,0.02482116706105432
2213,USA,0.023398791230511737
2214,USA,0.022051847846553174
2215,USA,0.020776731608751493
2216,USA,0.019569983160667336
2217,USA,0.01842828335345445
2218,USA,0.01734843044535145
2219,USA,0.01632735939495382
2220,USA,0.015362136768095936
2221,USA,0.014449954749073431
2222,USA,0.013588144905943754
2223,USA,0.012774163120218326
2224,USA,0.012005601071180719
2225,USA,0.011280173110201767
2226,USA,0.010595675346397746
2227,USA,0.00994999439269217
2228,USA,0.009341104311054588
2229,USA,0.00876707046908149
2230,USA,0.008226047652826711
2231,USA,0.007716271798893558
2232,USA,0.00723607234440859
2233,USA,0.006783870803453616
2234,USA,0.006358163708776992
2235,USA,0.005957522395425262
2236,USA,0.0055805890004190705
2237,USA,0.005226069849424978
2238,USA,0.004892731137297546
2239,USA,0.004579395806217041
2240,USA,0.004284946280621689
2241,USA,0.004008320530348643
2242,USA,0.003748509041814664
2243,USA,0.0035045567822525607
2244,USA,0.0032755656841165826
2245,USA,0.0030606867493626413
2246,USA,0.0028591144745567535
2247,USA,0.002670084026680092
2248,USA,0.0024928667430235214
2249,USA,0.0023267720446623684
2250,USA,0.002171146881073413
2251,USA,0.0020253728798193347
2252,USA,0.0018888651543815989
2253,USA,0.0017610701591243333
2254,USA,0.001641464411200481
2255,USA,0.001529554082736458
2256,USA,0.0014248752283575773
2257,USA,0.0013269904874938865
2258,USA,0.0012354865593379157
2259,USA,0.001149973952609271
2260,USA,0.0010700845003824718
2261,USA,0.0009954706926371395
2262,USA,0.0009258045307343756
2263,USA,0.000860775970297273
2264,USA,0.0008000930926852962
2265,USA,0.0007434809605207325
2266,USA,0.0006906807315091815
2267,USA,0.0006414497095464836
2268,USA,0.0005955601748060595
2269,USA,0.0005527990936697889
2270,USA,0.0005129661829341142
2271,USA,0.00047587219477851657
2272,USA,0.0004413389179082531
2273,USA,0.00040919873500213017
2274,USA,0.00037929416822638114
2275,USA,0.00035147718167403627
2276,USA,0.0003256090039238114
2277,USA,0.0003015599178583397
2278,USA,0.0002792087752213416
2279,USA,0.00025844208716610973
2280,USA,0.0002391534019537434
2281,USA,0.0002212430196270576
2282,USA,0.0002046173591060883
2283,USA,0.00018918859987108913
2284,USA,0.0001748745978603181
2285,USA,0.00016159849363697577
2286,USA,0.00014928833529012387
2287,USA,0.000137876961375003
2288,USA,0.00012730188599554103
2289,USA,0.00011750487122030736
2290,USA,0.00010843160540073638
2291,USA,0.00010003119160264172
2292,USA,9.225596219364352e-5
2293,USA,8.506149602859093e-5
2294,USA,7.840631057075526e-5
2295,USA,7.225167832454041e-5
2296,USA,6.656146342840115e-5
2297,USA,6.130205860994654e-5
2298,USA,5.644223790932e-5
2299,USA,5.195300223971075e-5
2300,USA,4.78074189765976e-5
