time,temp,e_gtco2_club,total_tax_revenue
2020,1.1730635369796556,35.91529312414241,0.0
2021,1.2119102787255247,36.661854023122295,0.0
2022,1.2632866578706956,37.11433935699451,0.0
2023,1.315423890428984,37.36863953215092,0.0
2024,1.359139122874682,37.76795406629869,0.0
2025,1.394657378669077,38.17074193578465,0.0
2026,1.4239407981424814,38.20791466933767,0.0
2027,1.4493359541093394,38.24842783104569,0.0
2028,1.4732899732236007,38.29305975914251,0.0
2029,1.4964528572671343,38.34254831948523,0.0
2030,1.5182372263530057,31.094153764073244,1.322274208928763e9
2031,1.5384238504468732,30.07496075455348,1.474206308430654e9
2032,1.5573758244725842,29.068587393261485,1.6199098923183088e9
2033,1.5773083831876862,28.087859656786627,1.7550190310508716e9
2034,1.5998861379312677,27.143526083603543,1.8761576289789014e9
2035,1.6218892828357716,26.20534772286469,1.9891148038923197e9
2036,1.6417558881851004,25.239698701466548,2.0686352013346102e9
2037,1.658713767299938,24.30321055303685,2.1348715420122893e9
2038,1.6726207235392554,23.39413472384882,2.188065796537349e9
2039,1.684108468577696,22.48810853620996,2.232004420910937e9
2040,1.6921941326400625,21.6303372520167,2.259244046809286e9
2041,1.6983248349460784,20.57934727673102,2.290181735712963e9
2042,1.703905918384343,19.573298273052334,2.2995104043014355e9
2043,1.7101252404714864,18.589195281628925,2.289847703649995e9
2044,1.71744919587929,17.626329461906877,2.260650937325895e9
2045,1.7275187152395441,16.69339541661955,2.21111892650551e9
2046,1.7395784158757432,15.931033525054003,2.162992923960648e9
2047,1.7518644007848982,15.184052211215127,2.097263857470251e9
2048,1.7626372853433467,14.434234522170481,2.0128239595958967e9
2049,1.7688912567233632,13.716178601844815,1.9110790682938757e9
2050,1.7701211300385409,12.994680044950252,1.7893490044734502e9
2051,1.7691804855487312,12.522956561665792,1.7041406017254553e9
2052,1.768254245187933,12.05280371336954,1.6074993728676112e9
2053,1.7673363526797496,11.592276540663393,1.500354513834484e9
2054,1.7676563615199787,11.125347213103876,1.3792626824867184e9
2055,1.7708152652125504,10.66787969785013,1.2467925454825938e9
2056,1.776847505098482,10.232227935118006,1.1103022621623304e9
2057,1.782680865683896,9.777442041843836,9.654040858631207e8
2058,1.7869303581187068,9.34269970024256,8.032610597218593e8
2059,1.7907833181450947,8.901200778913635,6.248638352242602e8
2060,1.7924409862213928,8.430840169795045,4.4265936249567384e8
2061,1.7913157522422927,7.909476107711577,2.0474765629847074e8
2062,1.78911217479317,7.396454251405657,-5.072014847396035e7
2063,1.787015488886899,6.877825657724068,-3.305574693513416e8
2064,1.7856493503758686,6.367371807163455,-6.289140472018616e8
2065,1.7852887212227966,5.8515089240196625,-9.535172847378693e8
2066,1.7876262769400122,5.336312748819831,-1.2929157550574465e9
2067,1.7926227725982689,4.816885450745169,-1.658937831570019e9
2068,1.7977814374345973,4.261138279546834,-2.0449506130503397e9
2069,1.8007472966206512,3.747292105277705,-2.4585644191075253e9
2070,1.8004964765932034,3.2298656520965565,-2.90174583103205e9
2071,1.7974253795695563,2.8834040172854376,-3.2189425553466325e9
2072,1.7932351672668165,2.5281879480701503,-3.556528204786482e9
2073,1.789340682227659,2.133963618528656,-3.9074303125738397e9
2074,1.7851972276182826,1.7861722574054886,-4.266450404847569e9
2075,1.7809727596401048,1.4418259150636699,-4.636138962664192e9
2076,1.7770672332492528,1.076201465097362,-5.030449299192924e9
2077,1.7740205552813,0.6857254168282788,-5.426926479473327e9
2078,1.7730309208952135,0.329391867267154,-5.842053578332753e9
2079,1.773598927558257,-5.996139270693972,-7.938422413486987e9
2080,1.773947373319721,-6.021784730630597,-7.964402634435429e9
2081,1.7727388022497452,-6.038787589994171,-7.97890369782839e9
2082,1.7699599395135135,-6.055993778958104,-7.993636180510893e9
2083,1.7653619374418568,-6.073432609313441,-8.008637988297449e9
2084,1.759540595406998,-6.091133816224463,-8.023947431641124e9
2085,1.7525393636054005,-6.109119516773288,-8.039592640684959e9
2086,1.744488559380778,-6.119328901172011,-8.044975147932988e9
2087,1.7374520649937844,-6.129559173177838,-8.050366283686641e9
2088,1.7318079955820564,-6.139823766326051,-8.055783623404192e9
2089,1.7281440076510552,-6.150131374394267,-8.0612384595590105e9
2090,1.727481385439432,-6.160484259784653,-8.066733617820606e9
2091,1.7286912851236031,-6.163485726143053,-8.0625931693009205e9
2092,1.7310688300641686,-6.166270966316253,-8.058170367498662e9
2093,1.731941967987848,-6.168731207759403,-8.053437324606295e9
2094,1.7286560294662396,-6.171326511687594,-8.048655536628197e9
2095,1.7231184531623558,-6.173720521940967,-8.04372603145255e9
2096,1.7165875592352045,-6.169529756174601,-8.0302276266426735e9
2097,1.7102509410306193,-6.1651436872310015,-8.016494223529109e9
2098,1.7049224888366883,-6.160597574355753,-8.002572361067085e9
2099,1.701229227112024,-6.155915967046311,-7.988494495537307e9
2100,1.7004822868490652,-6.1511153724561165,-7.974282528508891e9
2101,1.7042773085626592,25.04268098609856,-5.516654248452149e6
2102,1.712029509504305,24.85941443190925,-5.459277459762091e6
2103,1.721218508353561,24.661402341969072,-5.399147868475992e6
2104,1.7302606825838047,24.40143117133876,-3.193057080765912e6
2105,1.7377044126460839,24.177482791215592,-3.154152585580212e6
2106,1.744368872824968,23.94188190857137,-3.113983781549699e6
2107,1.7514828331029961,23.695643876551404,-3.072678113366626e6
2108,1.7595494303002686,23.439728758816425,-3.0303570958671044e6
2109,1.7692468288260486,23.115327187311973,-992066.9134148466
2110,1.7813588416776835,22.84363083141327,-977450.4023500922
2111,1.7975088842871871,22.564912719487374,-962608.8675502633
2112,1.8141915994484201,22.279938461187218,-947575.412778568
2113,1.8282407918723045,21.9895372190364,-932385.1994043735
2114,1.8392301187072044,21.69457857039312,-917074.554400898
2115,1.8480711317672278,21.39589396058644,-901678.144402614
2116,1.8560485141468928,21.094243468419148,-886227.7896799456
2117,1.863069648046591,20.736926702243384,0.0
2118,1.8704833279291768,20.432272458582183,0.0
2119,1.8786932613390475,20.126552790256277,0.0
2120,1.8891791182548343,19.820293726029938,0.0
2121,1.9029773520788458,19.51395448077467,0.0
2122,1.919326619611521,19.20794261920065,0.0
2123,1.9331381696275136,18.90265616450421,0.0
2124,1.943825828719661,18.598572333381597,0.0
2125,1.9524999829920653,18.296139232116527,0.0
2126,1.9579117602587828,17.995741684820675,0.0
2127,1.9627555903811804,17.697754066119835,0.0
2128,1.9680418856852717,17.402460945393464,0.0
2129,1.9743334169117877,17.110099940626434,0.0
2130,1.983171250715034,16.820874677696988,0.0
2131,1.996881059963326,16.534939323927798,0.0
2132,2.0119266590074285,16.252389546084757,0.0
2133,2.024579874897718,15.973375633426171,0.0
2134,2.034444372476216,15.698096443560042,0.0
2135,2.040328616964558,15.426732127479422,0.0
2136,2.0432029980093085,15.159458679019956,0.0
2137,2.0456466086004026,14.896410068324318,0.0
2138,2.049148414702535,14.637655969350376,0.0
2139,2.0531734683021576,14.383227843910735,0.0
2140,2.0582022391563166,14.13315627486792,0.0
2141,2.065507139128796,13.887454213750084,0.0
2142,2.0752088680484433,13.646106509982118,0.0
2143,2.084693081082466,13.409091148469997,0.0
2144,2.0929458174319215,13.176421156018295,0.0
2145,2.1002371188442055,12.948115258803456,0.0
2146,2.1052783865283757,12.724177687660097,0.0
2147,2.1093492348515235,12.504622186174815,0.0
2148,2.1132731571867174,12.289433713301948,0.0
2149,2.1165753210294844,12.078578520021066,0.0
2150,2.1201618064835888,11.872024392359938,0.0
2151,2.1242808498633625,11.66972154506563,0.0
2152,2.1302031640738566,11.471613739125717,0.0
2153,2.1395967657527817,11.277625730178539,0.0
2154,2.1512941048886423,11.087660845471303,0.0
2155,2.161443946319017,10.901640180717248,0.0
2156,2.1686924444307367,10.719533884092728,0.0
2157,2.1735244856162748,10.54132346134625,0.0
2158,2.1756978395383175,10.366977655164064,0.0
2159,2.176219768370505,10.196462779305548,0.0
2160,2.1767269888298806,10.029728198920582,0.0
2161,2.1785397589780255,9.866701335450061,0.0
2162,2.1829457971075716,9.707294423836293,0.0
2163,2.191160269351622,9.551407163989952,0.0
2164,2.2025092107997595,9.398929501090652,0.0
2165,2.211837740953272,9.249763981618385,0.0
2166,2.218263397537983,9.10387283589659,0.0
2167,2.221726402650767,8.961224436797071,0.0
2168,2.2214716430917236,8.821783791383938,0.0
2169,2.2206072384677675,8.685520187381421,0.0
2170,2.220225208207178,8.552367064714284,0.0
2171,2.220902176136832,8.422247286482634,0.0
2172,2.2234230179156618,8.29507988741307,0.0
2173,2.229324329986318,8.170778773593506,0.0
2174,2.237415589639499,8.049246378695877,0.0
2175,2.245530973080452,7.93040152472312,0.0
2176,2.2525499792930077,7.814186732032257,0.0
2177,2.2567251317356676,7.700555571774116,0.0
2178,2.2578005858026957,7.589477106755421,0.0
2179,2.257533367020422,7.4809203955118395,0.0
2180,2.257014120239378,7.374836501594417,0.0
2181,2.256488928656911,7.271166819212957,0.0
2182,2.256323014603576,7.169851850161363,0.0
2183,2.2566311979203326,7.070830465285309,0.0
2184,2.2579878230945214,6.974042423967295,0.0
2185,2.261128432404002,6.879424582447305,0.0
2186,2.2673892084192344,6.786910116832588,0.0
2187,2.274499418325619,6.696424269439128,0.0
2188,2.2804093759728037,6.607914773054072,0.0
2189,2.2861213131244544,6.5213474337475414,0.0
2190,2.2893201033287562,6.436679842917216,0.0
2191,2.2893397030314726,6.353888435903348,0.0
2192,2.2885768536077857,6.272953471491016,0.0
2193,2.2884209794716726,6.193835214388175,0.0
2194,2.289178674190255,6.116484112855323,0.0
2195,2.2912191971286378,6.040850228761251,0.0
2196,2.2962671409162416,5.9668829733335755,0.0
2197,2.3044941284789573,5.894521461791732,0.0
2198,2.3134142989605073,5.823707131071865,0.0
2199,2.3199368538580627,5.754402575282707,0.0
2200,2.3231070932633906,5.686593389650669,0.0
2201,2.3234054722119297,5.620270549227906,0.0
2202,2.3225843876684764,5.555419865609303,0.0
2203,2.322333589488679,5.4920139440831495,0.0
2204,2.3218171616003342,5.430014258692589,0.0
2205,2.321270643719783,5.369389466353788,0.0
2206,2.3211773889334593,5.310107561288074,0.0
2207,2.3220559543287287,5.252036415720117,0.0
2208,2.325231679838285,5.1951007348513185,0.0
2209,2.3305872757839223,5.13925758493724,0.0
2210,2.3368399256078445,5.084467221856287,0.0
2211,2.3421313028204267,5.030700145471466,0.0
2212,2.345833516918467,4.977939572109601,0.0
2213,2.3476900608924636,4.926172431452092,0.0
2214,2.348170098820324,4.875386700844844,0.0
2215,2.347317738600501,4.8255669255599045,0.0
2216,2.3453420960465943,4.776697187705123,0.0
2217,2.344372669757716,4.728760217723396,0.0
2218,2.344869698466294,4.681726335507744,0.0
2219,2.3474218377067633,4.635564639296438,0.0
2220,2.352894495813983,4.590242486249064,0.0
2221,2.360040002653615,4.545724194831636,0.0
2222,2.3683775921573584,4.5019833995823,0.0
2223,2.3749084982953708,4.458997779105086,0.0
2224,2.376778715303558,4.416762620441007,0.0
2225,2.3761112886723534,4.375288069931441,0.0
2226,2.3740068557958343,4.334570333315345,0.0
2227,2.372010712688412,4.29459874608974,0.0
2228,2.3708643415184687,4.255354186735151,0.0
2229,2.371191682633887,4.21681432488571,0.0
2230,2.3748172877425153,4.178954649980447,0.0
2231,2.3804334841658106,4.141742524762789,0.0
2232,2.385480904561362,4.105154310474931,0.0
2233,2.389950922349853,4.069180835644067,0.0
2234,2.3930551727577525,4.033812899038921,0.0
2235,2.394033930237898,3.99904521359554,0.0
2236,2.3931204411945695,3.964875845865211,0.0
2237,2.3913066451100886,3.9313009389986022,0.0
2238,2.390249773577137,3.8983112057922247,0.0
2239,2.3901782126359916,3.865889304962282,0.0
2240,2.3919042610114776,3.834017642554728,0.0
2241,2.3967249801654766,3.8026756464919242,0.0
2242,2.4042038385432516,3.7718378316587855,0.0
2243,2.410997780234673,3.7414825323555387,0.0
2244,2.415343854874653,3.7116051107918944,0.0
2245,2.416872545127573,3.6822088411557043,0.0
2246,2.4157606037500017,3.653297653582629,0.0
2247,2.4142027778086597,3.624873556529275,0.0
2248,2.412729144010174,3.5969276984139036,0.0
2249,2.4110960326613693,3.569449011554427,0.0
2250,2.4098279625294134,3.542427916005049,0.0
2251,2.4092071443819476,3.5158527862774673,0.0
2252,2.41008277663249,3.4897112534953543,0.0
2253,2.413306528669679,3.4639878407563085,0.0
2254,2.418755784424306,3.4386643079204293,0.0
2255,2.4240858966109116,3.4137241506808214,0.0
2256,2.4282370847319217,3.3891619124721246,0.0
2257,2.431402794379572,3.364976621451499,0.0
2258,2.432513159876491,3.3411660673931816,0.0
2259,2.4321689410389395,3.317732197968289,0.0
2260,2.430606494890589,3.294673769344904,0.0
2261,2.4283766292913738,3.2719881717514303,0.0
2262,2.427370970901708,3.2496702903647456,0.0
2263,2.4278780074024637,3.227707341803002,0.0
2264,2.430616552500357,3.2060861322656193,0.0
2265,2.4364264215652605,3.1847914034082474,0.0
2266,2.443908338018532,3.1638055859449583,0.0
2267,2.4517680510047932,3.143117885678759,0.0
2268,2.4565166633555897,3.1227232089916153,0.0
2269,2.4570267959449934,3.102630146978375,0.0
2270,2.4555629072508207,3.0828504570329627,0.0
2271,2.4532475367480093,3.0633856847195315,0.0
2272,2.4510599565564606,3.0442325406830686,0.0
2273,2.4497820887014035,3.0253839345140894,0.0
2274,2.451075477925292,3.006830111739703,0.0
2275,2.455317474709669,2.988555645369548,0.0
2276,2.461048640494355,2.9705447982664746,0.0
2277,2.4658007300385774,2.952788364042833,0.0
2278,2.4687238846096986,2.9352867457282845,0.0
2279,2.469965676466683,2.9180431024496634,0.0
2280,2.4689167308825977,2.901059451762763,0.0
2281,2.466784941849727,2.884339507808783,0.0
2282,2.4654009663361514,2.8678819890162504,0.0
2283,2.464909917864129,2.8516788902843406,0.0
2284,2.465977997404269,2.8357221262389816,0.0
2285,2.4701292030689084,2.820001715965753,0.0
2286,2.4771895685207244,2.8045029769137324,0.0
2287,2.48434590841903,2.789212908841281,0.0
2288,2.489450723728872,2.7741291899925864,0.0
2289,2.4904278346891755,2.759256868641713,0.0
2290,2.4890387118579884,2.7446074083919405,0.0
2291,2.487626853458144,2.730184974656291,0.0
2292,2.4853583134169037,2.7159851533233423,0.0
2293,2.483248891761855,2.702006485805233,0.0
2294,2.482738871625939,2.6882439904991298,0.0
2295,2.485548625708132,2.674688093081479,0.0
2296,2.4911683574141215,2.6613241482681813,0.0
2297,2.4981539977443132,2.6481402881067866,0.0
2298,2.504269311522084,2.635130237554282,0.0
2299,2.5068126626603418,2.622295386410374,0.0
2300,2.507704112088302,2.609645587288133,0.0
