country,consumption_ede_2020,consumption_ede_2021,consumption_ede_2022,consumption_ede_2023,consumption_ede_2024,consumption_ede_2025,consumption_ede_2026,consumption_ede_2027,consumption_ede_2028,consumption_ede_2029,consumption_ede_2030,consumption_ede_2031,consumption_ede_2032,consumption_ede_2033,consumption_ede_2034,consumption_ede_2035,consumption_ede_2036,consumption_ede_2037,consumption_ede_2038,consumption_ede_2039,consumption_ede_2040,consumption_ede_2041,consumption_ede_2042,consumption_ede_2043,consumption_ede_2044,consumption_ede_2045,consumption_ede_2046,consumption_ede_2047,consumption_ede_2048,consumption_ede_2049,consumption_ede_2050,consumption_ede_2051,consumption_ede_2052,consumption_ede_2053,consumption_ede_2054,consumption_ede_2055,consumption_ede_2056,consumption_ede_2057,consumption_ede_2058,consumption_ede_2059,consumption_ede_2060,consumption_ede_2061,consumption_ede_2062,consumption_ede_2063,consumption_ede_2064,consumption_ede_2065,consumption_ede_2066,consumption_ede_2067,consumption_ede_2068,consumption_ede_2069,consumption_ede_2070,consumption_ede_2071,consumption_ede_2072,consumption_ede_2073,consumption_ede_2074,consumption_ede_2075,consumption_ede_2076,consumption_ede_2077,consumption_ede_2078,consumption_ede_2079,consumption_ede_2080,consumption_ede_2081,consumption_ede_2082,consumption_ede_2083,consumption_ede_2084,consumption_ede_2085,consumption_ede_2086,consumption_ede_2087,consumption_ede_2088,consumption_ede_2089,consumption_ede_2090,consumption_ede_2091,consumption_ede_2092,consumption_ede_2093,consumption_ede_2094,consumption_ede_2095,consumption_ede_2096,consumption_ede_2097,consumption_ede_2098,consumption_ede_2099,consumption_ede_2100,co2_emissions_2020,co2_emissions_2021,co2_emissions_2022,co2_emissions_2023,co2_emissions_2024,co2_emissions_2025,co2_emissions_2026,co2_emissions_2027,co2_emissions_2028,co2_emissions_2029,co2_emissions_2030,co2_emissions_2031,co2_emissions_2032,co2_emissions_2033,co2_emissions_2034,co2_emissions_2035,co2_emissions_2036,co2_emissions_2037,co2_emissions_2038,co2_emissions_2039,co2_emissions_2040,co2_emissions_2041,co2_emissions_2042,co2_emissions_2043,co2_emissions_2044,co2_emissions_2045,co2_emissions_2046,co2_emissions_2047,co2_emissions_2048,co2_emissions_2049,co2_emissions_2050,co2_emissions_2051,co2_emissions_2052,co2_emissions_2053,co2_emissions_2054,co2_emissions_2055,co2_emissions_2056,co2_emissions_2057,co2_emissions_2058,co2_emissions_2059,co2_emissions_2060,co2_emissions_2061,co2_emissions_2062,co2_emissions_2063,co2_emissions_2064,co2_emissions_2065,co2_emissions_2066,co2_emissions_2067,co2_emissions_2068,co2_emissions_2069,co2_emissions_2070,co2_emissions_2071,co2_emissions_2072,co2_emissions_2073,co2_emissions_2074,co2_emissions_2075,co2_emissions_2076,co2_emissions_2077,co2_emissions_2078,co2_emissions_2079,co2_emissions_2080,co2_emissions_2081,co2_emissions_2082,co2_emissions_2083,co2_emissions_2084,co2_emissions_2085,co2_emissions_2086,co2_emissions_2087,co2_emissions_2088,co2_emissions_2089,co2_emissions_2090,co2_emissions_2091,co2_emissions_2092,co2_emissions_2093,co2_emissions_2094,co2_emissions_2095,co2_emissions_2096,co2_emissions_2097,co2_emissions_2098,co2_emissions_2099,co2_emissions_2100,country_carbon_tax_2020,country_carbon_tax_2021,country_carbon_tax_2022,country_carbon_tax_2023,country_carbon_tax_2024,country_carbon_tax_2025,country_carbon_tax_2026,country_carbon_tax_2027,country_carbon_tax_2028,country_carbon_tax_2029,country_carbon_tax_2030,country_carbon_tax_2031,country_carbon_tax_2032,country_carbon_tax_2033,country_carbon_tax_2034,country_carbon_tax_2035,country_carbon_tax_2036,country_carbon_tax_2037,country_carbon_tax_2038,country_carbon_tax_2039,country_carbon_tax_2040,country_carbon_tax_2041,country_carbon_tax_2042,country_carbon_tax_2043,country_carbon_tax_2044,country_carbon_tax_2045,country_carbon_tax_2046,country_carbon_tax_2047,country_carbon_tax_2048,country_carbon_tax_2049,country_carbon_tax_2050,country_carbon_tax_2051,country_carbon_tax_2052,country_carbon_tax_2053,country_carbon_tax_2054,country_carbon_tax_2055,country_carbon_tax_2056,country_carbon_tax_2057,country_carbon_tax_2058,country_carbon_tax_2059,country_carbon_tax_2060,country_carbon_tax_2061,country_carbon_tax_2062,country_carbon_tax_2063,country_carbon_tax_2064,country_carbon_tax_2065,country_carbon_tax_2066,country_carbon_tax_2067,country_carbon_tax_2068,country_carbon_tax_2069,country_carbon_tax_2070,country_carbon_tax_2071,country_carbon_tax_2072,country_carbon_tax_2073,country_carbon_tax_2074,country_carbon_tax_2075,country_carbon_tax_2076,country_carbon_tax_2077,country_carbon_tax_2078,country_carbon_tax_2079,country_carbon_tax_2080,country_carbon_tax_2081,country_carbon_tax_2082,country_carbon_tax_2083,country_carbon_tax_2084,country_carbon_tax_2085,country_carbon_tax_2086,country_carbon_tax_2087,country_carbon_tax_2088,country_carbon_tax_2089,country_carbon_tax_2090,country_carbon_tax_2091,country_carbon_tax_2092,country_carbon_tax_2093,country_carbon_tax_2094,country_carbon_tax_2095,country_carbon_tax_2096,country_carbon_tax_2097,country_carbon_tax_2098,country_carbon_tax_2099,country_carbon_tax_2100
BRA,4.9884192756417916,5.021727658587829,5.0505418901548405,5.080877449244587,5.115992042386444,5.156186077967904,5.198622465621266,5.242962668570366,5.290769909233205,5.3420478050536815,5.619452895394604,5.699936388704743,5.7814356838538385,5.866721430412794,5.951723162129308,6.038775191073935,6.1220876984793104,6.206350985237723,6.293199741394033,6.38327558508638,6.475888433402933,6.572173252502113,6.668354778103148,6.7656938055559355,6.864075348386915,6.9627456141677495,7.0621153526247795,7.161952431704153,7.264324186406687,7.370534220727436,7.481270828148615,7.596998344184506,7.7143447211496055,7.83445792879281,7.956680705058173,8.080256768568603,8.2022637564539,8.325802899125598,8.452542564121938,8.58185766358453,8.715323832028304,8.848292560144017,8.982865578423453,9.119064391993847,9.256858732587157,9.39571245242017,9.531284299812059,9.665221044381784,9.800628592824397,9.938613092293014,10.079984761049412,10.229583110787685,10.38007611057251,10.532660572676363,10.687764635775642,10.845370928841035,10.999205994253584,11.153592267108507,11.307684143592054,11.575751789554545,11.756871686641706,11.933673694961957,12.111256235348028,12.291905973361475,12.475426242692366,12.66196991230167,12.845364047708932,13.028186342793948,13.211605958946748,13.39505306733351,13.577537947998149,13.752993492129661,13.927234802307321,13.987313551689113,14.28838567466371,14.477969321699021,14.661798853806438,14.845324858781678,15.029343985592332,15.21327528491305,15.395681518437911,0.4485508973015932,0.4466851416140666,0.4449388072221107,0.4433199120265588,0.441837948169354,0.44050367177821825,0.4384124300543323,0.436480714577077,0.4347153834917681,0.433122164499276,0.3495928449544998,0.33956512621580587,0.32970604459430913,0.3201501684387529,0.3110111028132408,0.3019330401835206,0.2932633031974512,0.2848828618597678,0.2767640452533343,0.26860877687531587,0.2609478268283857,0.25097277994957295,0.2414067840918091,0.2319613192822851,0.22261714943952984,0.2134755777153025,0.2045585275043495,0.19580710435705906,0.1869775177415374,0.17851110069670406,0.16994326027351134,0.16379543854190207,0.15768910939881123,0.15172505272032885,0.1456878860989607,0.1397817448220294,0.13401201592360207,0.12836177937140822,0.12263008800347575,0.11681925858324671,0.11130946114852146,0.10408364271003,0.0970158667736656,0.08991806966804088,0.08296753303005364,0.07598237254214964,0.06904687652989966,0.062087294012071324,0.055270240738635845,0.04842641741071481,0.04155716347026258,0.03683202461436643,0.032033469931786025,0.027318563675004983,0.02268425827150848,0.01812757097885865,0.01333516058581761,0.008777123115454739,0.004155802910190676,0.3519766147347796,0.34998955801020626,0.34775816239948276,0.34555889253838135,0.3433935234872985,0.3412639409424994,0.3391716900400532,0.3368967621940327,0.33465777438733263,0.3324555903088917,0.33029083024241696,0.32816381939516254,0.3258995967727733,0.3236702522481191,3.5691077995771244e-17,0.31925845176317924,0.31714802791558516,0.3149382772412065,0.312767902111224,0.3106374336928983,0.3085471263609237,0.30649698880411747,0.0,0.0,0.0,0.0,0.0,0.0,0.0,0.0,0.0,0.0,42.578125,49.296875,56.328125,63.515625,70.703125,78.203125,85.078125,91.953125,98.828125,106.015625,112.890625,122.265625,131.484375,140.859375,150.390625,159.921875,168.984375,178.046875,187.42187499999997,196.484375,205.859375,213.515625,221.328125,229.140625,237.265625,245.390625,253.203125,261.015625,269.140625,277.578125,285.703125,296.640625,307.578125,318.828125,330.07812499999994,341.640625,353.203125,365.07812499999994,376.953125,389.140625,401.640625,410.07812500000006,418.828125,427.578125,436.32812499999994,445.078125,454.453125,463.515625,472.89062499999994,0.0,0.0,0.0,0.0,0.0,0.0,0.0,0.0,0.0,0.0,0.0,0.0,0.0,0.0,474.7299530332348,0.0,0.0,0.0,0.0,0.0,0.0,0.0
CHN,4.46072924906113,4.7190772264402705,4.981869546597359,5.2517467740934745,5.5303482487955185,5.818227756251803,6.104947183828557,6.397632840338105,6.698140293187389,7.006630098737105,7.347097930556071,7.659848258600493,7.977363831218255,8.31411308553017,8.658915754669755,9.0129380004816,9.364307910042088,9.723602853102541,10.092955288167344,10.472742183190489,10.863838648392955,11.254073163830482,11.653062851582696,12.062601186201746,12.48299568491941,12.914214503729143,13.332115557869892,13.757845134281595,14.194008580771902,14.642270451085897,15.103710650136163,15.558090567599958,16.021098466180614,16.494786879462424,16.97895252130841,17.473408244128557,17.956622966602776,18.448487300503345,18.951504020142327,19.465584426082565,19.992303972032936,20.501513971389638,21.019224343663005,21.546794733245125,22.084461537947213,22.632228149140516,23.163419056166674,23.700612700867453,24.247511962618226,24.805503624209035,25.375581003008378,25.92969130956895,26.49222019494418,27.06448958549436,27.64713310741775,28.240419558164746,28.81731679163538,29.402496904422225,29.99553912528075,30.597452086251486,31.21946181266143,31.823493922552128,32.43617252284915,33.05895173875635,33.69181055378277,34.335016503160645,34.958530678841235,35.58930118538697,36.22748911583435,36.872665636960896,37.52407442138969,38.14994719170386,38.78136282872292,39.42179221124492,40.07395265601398,40.734896476844526,41.37225201082522,42.01410417346184,42.66057163837172,43.31103460512844,43.964169348585976,10.090158455349359,10.388624673284022,10.687339509317162,10.986176860827854,11.285095301491056,11.584119248581592,11.56044557280436,11.537369618819818,11.514849675116949,11.492836097698028,9.28937253117882,8.78698302627746,8.297821098141519,7.825421008386894,7.372424379068568,6.930338399586486,6.4427362013201055,5.9739464456876945,5.5231943430182735,5.084656467464538,4.668531698897221,4.144374515067194,3.650217137387286,3.1811266872276214,2.7370376591611896,2.3192482262217684,2.0682964740528327,1.8306992466976906,1.6043203187843993,1.3930972407374358,1.1932055232463568,1.0644311777789541,0.9414641512011801,0.8249409077247767,0.7137223523047017,0.6089523619130239,0.5236274032874653,0.44333317992140725,0.367406571655115,0.2960629808261885,0.2302925946891117,0.1947027051053083,0.16203808465738664,0.13197888420097595,0.10481695413586645,0.0803165638616306,0.0586897519185511,0.03978069140554458,0.02372538571147175,0.010444079287325174,0.0,0.0,0.0,0.0,0.0,0.0,0.0,0.0,0.0,0.0,0.0,0.0,0.0,0.0,0.0,0.0,0.0,0.0,0.0,0.0,0.0,0.0,0.0,0.0,0.0,0.0,0.0,0.0,0.0,0.0,0.0,0.0,0.0,0.0,0.0,0.0,0.0,0.0,0.0,0.0,0.0,42.578125,49.296875,56.328125,63.515625,70.703125,78.203125,85.078125,91.953125,98.828125,106.015625,112.890625,122.265625,131.484375,140.859375,150.390625,159.921875,168.984375,178.046875,187.42187499999997,196.484375,205.859375,213.515625,221.328125,229.140625,237.265625,245.390625,253.203125,261.015625,269.140625,277.578125,285.703125,296.640625,307.578125,318.828125,330.07812499999994,341.640625,353.203125,365.07812499999994,376.953125,389.140625,401.640625,410.07812500000006,418.828125,427.578125,436.32812499999994,445.078125,454.453125,463.515625,472.89062499999994,0.0,0.0,0.0,0.0,0.0,0.0,0.0,0.0,0.0,0.0,0.0,0.0,0.0,0.0,474.7299530332348,0.0,0.0,0.0,0.0,0.0,0.0,0.0
COD,0.5312057884437134,0.554470945418897,0.5787472837154214,0.604653646664537,0.6327521758738218,0.6633478126447258,0.6934984885668931,0.7262094765993523,0.7618262508187735,0.8006885661877103,1.0465441724081246,1.1135492107555225,1.1846934919702499,1.2597829927961686,1.3384336718110923,1.4223091238950123,1.5041079510851365,1.59085886573706,1.6833592781469882,1.7828305335004817,1.888112697910405,1.9960578066433894,2.109526706590692,2.2296796603454423,2.3570453372202134,2.4909824353965897,2.6236537485254,2.7630945801850144,2.9137515381016215,3.0811693193027443,3.2601138073738825,3.4455357054789326,3.6420291563039493,3.8505447546976272,4.071639413663445,4.30579411338407,4.542449849074879,4.792079162584325,5.056026350418287,5.3349097059042965,5.630536507660366,5.914419353835671,6.205126452911797,6.5088346476408265,6.826320194780457,7.168157651843633,7.519228865687427,7.890206785908232,8.277619335227623,8.681818562558263,9.098794565153375,9.513373324986786,9.944877507606463,10.394368949328001,10.863122557025221,11.352108050430846,11.838636244234209,12.343316091182901,12.865531260864461,13.421699897934422,13.998819361271206,14.57226465145267,15.164859581669823,15.778643500831443,16.41443999490171,17.073415531500697,17.728864989364997,18.403217457525855,19.097279894791996,19.795492918275865,20.501062762988948,21.193737719823925,21.90068046147092,22.611631812832773,23.376503127980573,24.14770555120561,24.90542081626673,25.67820342486808,26.466275079319125,27.26954562928663,28.086806250449644,0.004121730645356241,0.00432314973859243,0.004536928458459433,0.004764671509991883,0.005008243054516366,0.005269802532618547,0.0055171153278553015,0.005783567347823197,0.006071657017434596,0.006384136130861675,0.005445069227093067,0.005586234220943339,0.0057374496190935355,0.005901567545576854,0.006081454757161629,0.00627068460530367,0.0064516254845069,0.006644536203471167,0.0068489423607172705,0.0070571270997938015,0.00728263002163741,0.007415329904389566,0.007552714034371499,0.007685266388392527,0.007810854760012167,0.007931635375333446,0.008017969383823285,0.00809405094904062,0.008148288741029635,0.008198319066003492,0.00822214954410499,0.008317439311822364,0.008399742554211487,0.008473740127730552,0.008526661476620137,0.0085690866050981,0.008575022330440456,0.00856778884123799,0.008533375381885963,0.00847017851085918,0.00840505511716786,0.008158328496290548,0.007888747480498295,0.00758075204931265,0.007248393920967403,0.006875375693191445,0.006451395198497571,0.005986671036066974,0.0054968061037484394,0.004964971601709638,0.004390248174386247,0.003997767927326498,0.003570377623206805,0.003125151921824297,0.0026621931076365184,0.0021815602883735715,0.0016410700739007225,0.0011039878786580884,0.0005340068188867112,0.046184267557860675,0.04686584556450362,0.04739116133023692,0.04790299259038685,0.04840246895116654,0.048890690853279926,0.04936863640611213,0.049690158888025346,0.04999482172455821,0.050283805896357815,0.05055815828275839,0.05081878700843043,0.05092844120993211,0.05101948544078838,5.672496983513613e-18,0.051150188149026186,0.05119450549539235,0.05109871567375879,0.050986356703890255,0.050858861848671555,0.050717491219349785,0.05056335075300167,0.0,0.0,0.0,0.0,0.0,0.0,0.0,0.0,0.0,0.0,42.578125,49.296875,56.328125,63.515625,70.703125,78.203125,85.078125,91.953125,98.828125,106.015625,112.890625,122.265625,131.484375,140.859375,150.390625,159.921875,168.984375,178.046875,187.42187499999997,196.484375,205.859375,213.515625,221.328125,229.140625,237.265625,245.390625,253.203125,261.015625,269.140625,277.578125,285.703125,296.640625,307.578125,318.828125,330.07812499999994,341.640625,353.203125,365.07812499999994,376.953125,389.140625,401.640625,410.07812500000006,418.828125,427.578125,436.32812499999994,445.078125,454.453125,463.515625,472.89062499999994,0.0,0.0,0.0,0.0,0.0,0.0,0.0,0.0,0.0,0.0,0.0,0.0,0.0,0.0,474.7299530332348,0.0,0.0,0.0,0.0,0.0,0.0,0.0
DEU,31.511249412005416,31.935470903736846,32.33789465375621,32.72276762026745,33.09273219310966,33.448761467201045,33.80366508822017,34.14569964444891,34.4755274148938,34.793802088307764,35.11630629961342,35.43554896713815,35.74744640589688,36.054629272708695,36.35437047845388,36.64818871137461,36.95155253442767,37.251299516075306,37.54771899758545,37.84153242361789,38.13313261356742,38.4269575575854,38.71823470385913,39.00670938387954,39.292762960397305,39.576449794470896,39.879217760109974,40.182338244335426,40.48623206393771,40.791946005857554,41.10030454491379,41.420389526575896,41.74302176491533,42.06844338588316,42.396705408970924,42.727723279480514,43.07526711327029,43.42736858304191,43.785088935514665,44.14839229113,44.518362462776565,44.904438643193444,45.29699767517861,45.6967390892103,46.103868946544296,46.51833448747394,46.95032373683638,47.38955923409104,47.8381908590563,48.29687521144463,48.76616506647385,49.26653197538162,49.777565151095104,50.30049173237016,50.83564064526136,51.383163515988294,51.96110311306154,52.551398898499095,53.15435319986858,53.771366861456734,54.41476905506248,55.089926685483995,55.77973727505703,56.48636091134083,57.20979305123857,57.95018474626618,58.724234344372206,59.51434045348012,60.322529334795526,61.14861850984994,61.992281871211375,62.87266343879587,63.771135882923474,64.69173252906582,65.63602332068407,66.60256550211876,67.6149169744237,68.64869154029395,69.70586598346713,70.78627940623795,71.8893981165148,0.8024149847787366,0.839085491734164,0.8359493862072258,0.7378434386921718,0.6907774118156021,0.6437810470581161,0.5968493113387067,0.5499773494168668,0.5031604627218619,0.45639412195857726,0.33175147627067575,0.29845854914546194,0.26640203554449415,0.2356943003004515,0.20639315789045778,0.178243265333835,0.1517231490901622,0.12637465958199837,0.10216398378013783,0.07898309027479632,0.05699225334415819,0.04952970248402755,0.04250354392852612,0.03585453082057694,0.02958300487760427,0.023703462185373492,0.0182408062984789,0.013142221024966427,0.008394065550956864,0.0040191526579059,0.0,0.0,0.0,0.0,0.0,0.0,0.0,0.0,0.0,0.0,0.0,0.0,0.0,0.0,0.0,0.0,0.0,0.0,0.0,0.0,0.0,0.0,0.0,0.0,0.0,0.0,0.0,0.0,0.0,0.0,0.0,0.0,0.0,0.0,0.0,0.0,0.0,0.0,0.0,0.0,0.0,0.0,0.0,0.0,0.0,0.0,0.0,0.0,0.0,0.0,0.0,0.0,0.0,0.0,0.0,0.0,0.0,0.0,0.0,0.0,0.0,42.578125,49.296875,56.328125,63.515625,70.703125,78.203125,85.078125,91.953125,98.828125,106.015625,112.890625,122.265625,131.484375,140.859375,150.390625,159.921875,168.984375,178.046875,187.42187499999997,196.484375,205.859375,213.515625,221.328125,229.140625,237.265625,245.390625,253.203125,261.015625,269.140625,277.578125,285.703125,296.640625,307.578125,318.828125,330.07812499999994,341.640625,353.203125,365.07812499999994,376.953125,389.140625,401.640625,410.07812500000006,418.828125,427.578125,436.32812499999994,445.078125,454.453125,463.515625,472.89062499999994,0.0,0.0,0.0,0.0,0.0,0.0,0.0,0.0,0.0,0.0,0.0,0.0,0.0,0.0,474.7299530332348,0.0,0.0,0.0,0.0,0.0,0.0,0.0
FRA,31.111922518421153,31.493658009951318,31.863275248819978,32.22822435402828,32.59215970295461,32.95589626223035,33.311085999677736,33.6632728877955,34.01491177173352,34.3665046972711,34.76230524448649,35.11760101986198,35.47316522050936,35.833268265373874,36.19577332059009,36.56277685875712,36.92707437999856,37.29483689678334,37.669123106199095,38.050660960828445,38.439950813654114,38.821716556285324,39.2068595129337,39.59812446176461,39.99586258845627,40.39985814643393,40.80584760691709,41.216716265218466,41.63666723847124,42.067355992194834,42.50971722369769,42.94922143735982,43.39535208904458,43.85154304934285,44.31764297069067,44.7932734377321,45.266835231545215,45.74816719538253,46.24134338720262,46.74612830480916,47.26400224550369,47.77929557264502,48.30364599499774,48.83963232810597,49.387348951457135,49.94671451557628,50.49837608899269,51.05710354969872,51.627981116460234,52.21226235624782,52.81080981332629,53.409704682659964,54.018240105347104,54.63981384404273,55.2749150199122,55.923691694500846,56.567154755710824,57.22004001128811,57.884441555356155,58.56136820989919,59.2622678793084,59.96018426710326,60.66834783208126,61.3905933688759,62.126886885178074,62.877449010659916,63.62547193721993,64.38380292895327,65.15425727617568,65.93649985592396,66.72991511230003,67.51754235250765,68.31490007172737,69.1267410309221,69.95566861380857,70.79916853593188,71.63930867830595,72.48949843351217,73.35134793465306,74.22455628260283,75.10820306909726,0.40903837610676014,0.4466008453132051,0.42940241083877495,0.398892702472396,0.37573727399244045,0.3526185206087877,0.329534683480684,0.3064839368038278,0.283464375189314,0.2604740443666669,0.19233493564725668,0.17302136957789496,0.1544272698372579,0.13661760839450351,0.1196256883478304,0.10330329642329195,0.08792758618877264,0.07323283440840908,0.0591992946153164,0.04576421987510028,0.033020328192973576,0.02869493838410154,0.024622945796265956,0.020769947574745252,0.017136070011521648,0.013729644073955348,0.010565032634362048,0.007611591154319235,0.004861377700789951,0.0023275672490704743,0.0,0.0,0.0,0.0,0.0,0.0,0.0,0.0,0.0,0.0,0.0,0.0,0.0,0.0,0.0,0.0,0.0,0.0,0.0,0.0,0.0,0.0,0.0,0.0,0.0,0.0,0.0,0.0,0.0,0.0,0.0,0.0,0.0,0.0,0.0,0.0,0.0,0.0,0.0,0.0,0.0,0.0,0.0,0.0,0.0,0.0,0.0,0.0,0.0,0.0,0.0,0.0,0.0,0.0,0.0,0.0,0.0,0.0,0.0,0.0,0.0,42.578125,49.296875,56.328125,63.515625,70.703125,78.203125,85.078125,91.953125,98.828125,106.015625,112.890625,122.265625,131.484375,140.859375,150.390625,159.921875,168.984375,178.046875,187.42187499999997,196.484375,205.859375,213.515625,221.328125,229.140625,237.265625,245.390625,253.203125,261.015625,269.140625,277.578125,285.703125,296.640625,307.578125,318.828125,330.07812499999994,341.640625,353.203125,365.07812499999994,376.953125,389.140625,401.640625,410.07812500000006,418.828125,427.578125,436.32812499999994,445.078125,454.453125,463.515625,472.89062499999994,0.0,0.0,0.0,0.0,0.0,0.0,0.0,0.0,0.0,0.0,0.0,0.0,0.0,0.0,474.7299530332348,0.0,0.0,0.0,0.0,0.0,0.0,0.0
IND,3.271205006259469,3.366202881190855,3.461840424705924,3.561263743320475,3.666858743326619,3.7792270771932723,3.890172533160474,4.00652945875721,4.128996243167439,4.257919786173279,4.515789449957594,4.664161519864324,4.8179404796669445,4.978504995339514,5.142166037620034,5.310628045636899,5.473418504364978,5.639700462413588,5.811035256613092,5.98785998064317,6.1702901792445255,6.349967012780612,6.531700106315813,6.716872595885115,6.9054183516526075,7.096685712935535,7.282435510748144,7.469696201855466,7.660948908871022,7.858070425888644,8.061710227586644,8.262481209732004,8.465098272525067,8.67121215289639,8.879988455869643,9.090565269156713,9.290676237906528,9.491239335339598,9.694784148316302,9.900579780354258,10.11053192610474,10.310156654645661,10.509194379374296,10.708688327192451,10.90842738025121,11.107764620406918,11.292015442196504,11.469800815102818,11.646259123779533,11.823033955605144,12.001189497172726,12.174093047192942,12.342545770595319,12.508792975173405,12.673264073305273,12.835733071969045,12.979648708040703,13.115774788432534,13.245037735183287,13.368190197651511,13.501529273903012,13.613497266455623,13.716005745935702,13.814209562420471,13.90760545347816,13.996194425295045,14.064362030913827,14.119500789344311,14.16512065784615,14.20011647196555,14.22274269885702,14.219200260553775,14.200011382163797,14.174913740503417,14.150606038522673,14.12027178713985,14.065693727150983,13.995560921757876,13.91321767255714,13.817585314935357,13.70631044859675,2.369364539891809,2.4415972808354183,2.516680443603106,2.5947576823028307,2.676006928267321,2.7606400964253774,2.839240559671867,2.920850705596382,3.005646389398677,3.093801887878305,2.5795940830569495,2.584679816623989,2.588384689960154,2.5917574958366276,2.5958072089469595,2.5976282663219505,2.5962053472863076,2.5944698912134188,2.5922732381956775,2.586842688808042,2.583296651090934,2.549677636796346,2.516048726234694,2.479550507735946,2.4399696995995876,2.398428530794057,2.352294812666633,2.3039356878583264,2.250490185827715,2.1972673937000087,2.138664710586573,2.104700360648788,2.068360660190434,2.0310013996931353,1.9897688588213422,1.9474155779176245,1.9022183468052223,1.8559050460838045,1.8055999209828584,1.7512588697223652,1.6986014893840744,1.6150312039252581,1.5303355900567013,1.4416128701629614,1.3517141007851767,1.2577265827416322,1.159990554514483,1.0584364573302736,0.9559253483447249,0.8495894320463425,0.739426720664101,0.6640115926315917,0.5850318824397074,0.5053447593112242,0.42495334568128057,0.34385774004365927,0.2559082679566797,0.17037859177874792,0.08158826988141048,0.0,0.0,0.0,0.0,0.0,0.0,0.0,0.0,0.0,0.0,0.0,0.0,0.0,0.0,8.008729211215418e-16,0.0,0.0,0.0,0.0,0.0,0.0,0.0,0.0,0.0,0.0,0.0,0.0,0.0,0.0,0.0,0.0,0.0,42.578125,49.296875,56.328125,63.515625,70.703125,78.203125,85.078125,91.953125,98.828125,106.015625,112.890625,122.265625,131.484375,140.859375,150.390625,159.921875,168.984375,178.046875,187.421875,196.484375,205.859375,213.515625,221.328125,229.140625,237.265625,245.390625,253.203125,261.015625,269.140625,277.578125,285.703125,296.640625,307.578125,318.828125,330.078125,341.640625,353.203125,365.078125,376.953125,389.140625,401.640625,410.078125,418.828125,427.578125,436.328125,445.078125,454.453125,463.515625,472.890625,481.42628600347996,480.9448597174765,480.463914857759,479.9834509429012,479.50346749195836,479.02396402446635,478.5449400604419,478.06639512038146,477.5883287252611,477.11074039653585,476.6336296561393,476.15699602648317,475.6808390304567,475.2051581914262,474.7299530332348,474.2552230802016,473.7809678571213,473.30718688926424,472.83387970237493,472.3610458226726,471.8886847768499,471.41679609207307
MEX,7.489372085919736,7.643690379277684,7.801681476945905,7.968664930887817,8.147816097599787,8.339207452437869,8.53897991165495,8.745720439500795,8.96172619378826,9.18670170673018,9.568647286728156,9.819671541946452,10.07474202256647,10.34260684338438,10.62077720053584,10.911834650702653,11.21031349933818,11.52088332042714,11.846838510803343,12.189025176418113,12.548211768105121,12.920630635147717,13.307053719462004,13.709978232619497,14.12992827611976,14.56679114312643,15.018330962307658,15.486979107265052,15.976504714114219,16.48985301870004,17.02799163059394,17.587215356719526,18.167287823821795,18.77112882497121,19.398415041785668,20.04892798081353,20.715066007631712,21.404673066782262,22.121038387912648,22.86398228621612,23.636167806792688,24.425763351657068,25.241475974722025,26.084186165648106,26.95413892831254,27.839461487875734,28.716434453849686,29.595014468831767,30.478361115641167,31.368980968218864,32.268851736556584,33.171856631179814,34.0820132495503,34.999054926969514,35.92419560300371,36.857958056411334,37.785197085826965,38.71969596091079,39.65986471282193,41.085828233258965,42.066458492809055,43.03857029843093,44.018365213572935,45.00760177657858,46.00657848790533,47.016087977599916,48.019246173339276,49.029261783375134,50.046128751784984,51.06947559449017,52.09820882660697,53.1142002260441,54.136537000831375,54.67158338850324,56.20779326423211,57.27497923123477,58.33003214820876,59.39358358315234,60.465214169198234,61.54442148052449,62.62933729513515,0.520134044302062,0.5224193413067107,0.524766285663331,0.5271887494223045,0.5297023495297685,0.5323242632831978,0.5340195230323477,0.5358312781418625,0.5377737696823646,0.5398603377143357,0.4389922201687069,0.4295403451680621,0.4200906020831644,0.41082431629573746,0.4019006951298531,0.3928721895678487,0.38418757387176544,0.3757167098121885,0.3674336816856865,0.3589499735075949,0.35098115939295343,0.33971953853975195,0.32883886621879593,0.317956668699563,0.307051612820044,0.296268688545876,0.2856140994821173,0.2750447815917733,0.2642213337435921,0.2537696584051045,0.24303479569518593,0.2356167646744775,0.22816089571741932,0.2208150192772982,0.21326744059145916,0.20581672243351087,0.1984676636400357,0.1912048993739349,0.18372991457237925,0.17604337724732352,0.16871870797251162,0.15869235818904298,0.14878631715292215,0.1387134819471292,0.12874685292644952,0.11860521962290649,0.10842207407971016,0.09807675701806999,0.08783181004100181,0.07741899033558738,0.06683797199328793,0.05959585418743813,0.05214511005373387,0.04473965772653211,0.037375814555966634,0.030049902090548815,0.0222384474151803,0.014725354338936868,0.007014238263633822,0.5976629360886534,0.5979610916702838,0.5976660668670052,0.5973955033593489,0.5971540947216152,0.5969466206151645,0.5967773189241335,0.5960631649614037,0.595376905287229,0.5947221462607531,0.5941020259973468,0.5935191419517178,0.592453402949855,0.5914138917749572,6.554804159611e-17,0.5892570048096222,0.588337107553923,0.5870130179391454,0.5857234247050582,0.5844715814861337,0.5832601801747718,0.582091403800714,0.0,0.0,0.0,0.0,0.0,0.0,0.0,0.0,0.0,0.0,42.578125,49.296875,56.328125,63.515625,70.703125,78.203125,85.078125,91.953125,98.828125,106.015625,112.890625,122.265625,131.484375,140.859375,150.390625,159.921875,168.984375,178.046875,187.42187499999997,196.484375,205.859375,213.515625,221.328125,229.140625,237.265625,245.390625,253.203125,261.015625,269.140625,277.578125,285.703125,296.640625,307.578125,318.828125,330.07812499999994,341.640625,353.203125,365.07812499999994,376.953125,389.140625,401.640625,410.07812500000006,418.828125,427.578125,436.32812499999994,445.078125,454.453125,463.515625,472.89062499999994,0.0,0.0,0.0,0.0,0.0,0.0,0.0,0.0,0.0,0.0,0.0,0.0,0.0,0.0,474.7299530332348,0.0,0.0,0.0,0.0,0.0,0.0,0.0
NGA,2.5459323080877545,2.5789332750220817,2.6109961984175327,2.6451296465508802,2.6836698499067424,2.7271201414685757,2.7690449632019902,2.8153699168715454,2.866520979351508,2.922902978030727,3.2025135464527983,3.2916517065913617,3.3879896736907087,3.491240128087228,3.599889565060224,3.716435056758955,3.831419399271281,3.9545452252214632,4.087045761565713,4.230125561863489,4.381972934844813,4.535659229435093,4.6976424175613625,4.869037301360627,5.050128660087557,5.238888742523656,5.424096776210024,5.617884355732727,5.827100962598072,6.060212935846954,6.308067919973605,6.564808422239152,6.834023600956167,7.11663064035071,7.4124635168104405,7.7211166269222815,8.032571626943943,8.357244588642942,8.696923290715265,9.051522170573316,9.423330539145978,9.780361850131358,10.141848887682059,10.515569647438285,10.901782258899635,11.312269184466281,11.733555145921647,12.172498854658752,12.625612637078868,13.09382604004775,13.57232917829599,14.049864051106871,14.542636652630955,15.050959980228612,15.576114617208406,16.118684261351135,16.660922445635773,17.218089452057416,17.788672281348735,18.433211567907044,19.04991433022564,19.664456294211988,20.294597459297645,20.94302071469281,21.610124647201946,22.29691471524143,22.984558564122555,23.686612473512707,24.403543584488155,25.118136515940456,25.83286297243418,26.537630190707226,27.251818855706468,27.927597258230687,28.73835639926736,29.513992786785895,30.281900981885514,31.061350285864343,31.852099118439696,32.653343923467325,33.46240809030125,0.12777327905005598,0.12954144954803537,0.13137293479235004,0.1332851676533762,0.13529745657256637,0.13743121935635874,0.13926239081833486,0.1412452516814147,0.14340331371716042,0.14576095181207563,0.12012745453430648,0.11913950933091219,0.11824135043007229,0.11748561224619483,0.11691967892844982,0.11641260953786164,0.11594691451817259,0.11562279675913201,0.115426874108025,0.11522787109836603,0.11524511401416493,0.11404237119045314,0.1129430113385768,0.11180386794198707,0.1105997395728303,0.10936621241559358,0.10793747360024825,0.10643514747822357,0.10471308325187184,0.1030051805833477,0.10103819922338403,0.10019528926290022,0.09923141703981027,0.09820439236211911,0.09696952594290627,0.09565368885203789,0.09413149957216435,0.09251606897709123,0.09066034292284564,0.08855685018696588,0.08649190512031618,0.08277056469927957,0.07892373805623303,0.07480134275309526,0.07055018322879171,0.06601825231486452,0.061203642345903364,0.056121540585439875,0.05092481472961065,0.045462819420431254,0.03973636273075627,0.03581444954355407,0.03166271221392694,0.027437377485034393,0.023141204052650508,0.018776738984836675,0.014002453025425486,0.009339213404771748,0.004479194370529056,0.3841373136877673,0.3865877246453264,0.3881021222045122,0.3894924851392683,0.39076728910317043,0.39193503892096104,0.3930032556100625,0.3931685825280403,0.3932138045009357,0.3931467721455168,0.3929744229143296,0.392702693444751,0.391588817602234,0.3903598492455807,4.319042655166403e-17,0.38756798640992385,0.38605827406287385,0.383793442929963,0.3814419849373349,0.3790124524994548,0.3765122421586435,0.3739477268268536,0.0,0.0,0.0,0.0,0.0,0.0,0.0,0.0,0.0,0.0,42.578125,49.296875,56.328125,63.515625,70.703125,78.203125,85.078125,91.953125,98.828125,106.015625,112.890625,122.265625,131.484375,140.859375,150.390625,159.921875,168.984375,178.046875,187.42187499999997,196.484375,205.859375,213.515625,221.328125,229.140625,237.265625,245.390625,253.203125,261.015625,269.140625,277.578125,285.703125,296.640625,307.578125,318.828125,330.07812499999994,341.640625,353.203125,365.07812499999994,376.953125,389.140625,401.640625,410.07812500000006,418.828125,427.578125,436.32812499999994,445.078125,454.453125,463.515625,472.89062499999994,0.0,0.0,0.0,0.0,0.0,0.0,0.0,0.0,0.0,0.0,0.0,0.0,0.0,0.0,474.7299530332348,0.0,0.0,0.0,0.0,0.0,0.0,0.0
RUS,16.23692346195796,16.58764054562328,16.94180544088146,17.301582788100337,17.666788068968668,18.037958284416284,18.39382409439694,18.754242224707713,19.1209734977986,19.494555635839458,19.82232228890755,20.16896785726702,20.519920970691437,20.878007003289948,21.23346841874073,21.58817366705223,21.918372624952596,22.253025887329056,22.592747550507177,22.937399213353764,23.28870742512765,23.607672027427196,23.932330949518374,24.262676305538225,24.599191631114504,24.942823015985688,25.265447273930125,25.59547075072213,25.932404064858304,26.27717297637862,26.628630133978888,26.963885166923156,27.30498453811221,27.653326594933137,28.008591108312825,28.37184462314543,28.71758910016986,29.069473865979372,29.42752633307272,29.79153772371985,30.15832276366011,30.500736412724706,30.848935247607802,31.202603521857984,31.56256055468045,31.928374938276644,32.27189698932126,32.62064308106449,32.97491017072994,33.334023841806896,33.69802889533402,34.042581421721984,34.39132165186074,34.74499590622892,35.10361446977391,35.46729275389344,35.79951582953309,36.13621772886736,36.4768574151742,37.64243275749815,38.02012095535131,38.36629909413785,38.71402304872833,39.06418218861261,39.41689139783409,39.765845538800896,40.08475526801286,40.404315061470086,40.72558226274988,41.048655122459756,41.373706008055564,41.67653576502312,41.979332872903534,41.63201869311041,42.56866769588594,42.873587847396124,43.159707759839264,43.44510795444291,43.724571606010784,43.997631378086844,44.27021428599965,1.3890801789233607,1.4001534798241235,1.4107555146317554,1.4209136584091964,1.4306549300263474,1.440006063009182,1.445285430784079,1.4501353170548945,1.4545845716378674,1.4586618051436318,1.184238391820057,1.15598256077249,1.1272651769403113,1.0986197416448236,1.0705154596352198,1.0418050897191993,1.0142379495631697,0.9869786225579937,0.9599947224473478,0.9323116413071159,0.9058279206087293,0.8714656158048842,0.8380920078940395,0.8047674062264271,0.7714841010116896,0.738649064344903,0.7067812255679488,0.6753102928209403,0.6434396127769788,0.6127282064497683,0.5816146890092306,0.5589137865948063,0.5363060019601553,0.5141581540653304,0.4917630833290569,0.4698343613373007,0.4484842867760798,0.4275929019263442,0.4065066430643629,0.3852539382727561,0.3651026134947196,0.3395514428230789,0.3147024044121128,0.28995697670032544,0.2659014295436644,0.24196332075089003,0.2185293896841247,0.1952571677799823,0.17268110698389036,0.15027818792587272,0.12806474726476036,0.11277344606855427,0.09743147131821461,0.08252440443643289,0.0680445031346386,0.05398409502302679,0.03944989131746632,0.02578959873853209,0.012125913764233767,1.019676419480792,1.006812587013423,0.9937584628652243,0.9807330246300905,0.9677426011639948,0.9547930082301035,0.9418896497016824,0.9286745536083607,0.915514854117913,0.9024159831029004,0.889382965069881,0.8764204544577694,0.8629725846161227,0.8496039240213004,9.285014164836923e-17,0.822793668422761,0.8097200680356367,0.7961206337465528,0.782622133958355,0.7692300469449888,0.7559493598064188,0.7427846027527083,0.0,0.0,0.0,0.0,0.0,0.0,0.0,0.0,0.0,0.0,42.578125,49.296875,56.328125,63.515625,70.703125,78.203125,85.078125,91.953125,98.828125,106.015625,112.890625,122.265625,131.484375,140.859375,150.390625,159.921875,168.984375,178.046875,187.42187499999997,196.484375,205.859375,213.515625,221.328125,229.140625,237.265625,245.390625,253.203125,261.015625,269.140625,277.578125,285.703125,296.640625,307.578125,318.828125,330.07812499999994,341.640625,353.203125,365.07812499999994,376.953125,389.140625,401.640625,410.07812500000006,418.828125,427.578125,436.32812499999994,445.078125,454.453125,463.515625,472.89062499999994,0.0,0.0,0.0,0.0,0.0,0.0,0.0,0.0,0.0,0.0,0.0,0.0,0.0,0.0,474.7299530332348,0.0,0.0,0.0,0.0,0.0,0.0,0.0
TUR,13.224634073014885,13.512038425095382,13.798750321817819,14.090000138059887,14.388639691297909,14.695243233938236,14.993224363162419,15.297213417862901,15.607883782297728,15.925489910201286,16.30077233384621,16.615829452874152,16.93655555468661,17.26410965478997,17.58951056560875,17.916024536484763,18.236428312335416,18.562787269797415,18.89576487713729,19.23552827530281,19.583114338164894,19.925434132070713,20.273536297839478,20.62730628021482,20.986904857551004,21.352113851534117,21.714517696426494,22.082808431407084,22.458142704488687,22.84297540633155,23.23739497488063,23.63336505784139,24.035697929305382,24.446243994432333,24.864350601854344,25.289131544310084,25.70986250974735,26.137205209439315,26.57232236432977,27.01440374795294,27.46148848239926,27.90324771650083,28.352094851136563,28.807232683721498,29.26894682111759,29.736838313484512,30.19732921199572,30.661829673681286,31.132365154041253,31.610284475134243,32.09664114489333,32.58402824894375,33.07769908916759,33.57736068619447,34.083596323644684,34.59653720479395,35.09810683127036,35.60447347160578,36.114251685543586,37.15368564867084,37.69518112930366,38.22189846701998,38.75146355622215,39.285777424126465,39.82483704230689,40.36249841170542,40.88417210946111,41.40645693033032,41.93014934865809,42.45481252292517,42.97956921748889,43.48651419912115,43.993030548670006,44.072926785335234,45.01054405939022,45.53394207855554,46.04076010857925,46.54788955335026,47.04910305537661,47.54318669667119,48.03494449878935,0.3808560373082185,0.3889853774148545,0.3971120166344703,0.40523671012262047,0.41336165264514774,0.42149032393509317,0.4291697470898039,0.43683369047009685,0.44448522342203683,0.45212713681794897,0.3723124906138667,0.36906288505310875,0.36545752027232153,0.3616586649656831,0.3578172987166802,0.35354518517964556,0.3492684789281468,0.34486477710984254,0.340322249223537,0.33528973626446223,0.33044425683403406,0.32217578128931806,0.31395452277182695,0.30543480333244943,0.2966110059485679,0.28763909538106874,0.27852278505109784,0.26925777686843394,0.25952806544627127,0.24996447914844586,0.23993971478622772,0.23299919093061291,0.2258807846890347,0.2187432991368322,0.21129042724746114,0.20383038591382366,0.19633919801059635,0.1888566404077604,0.18110008769144798,0.17308354539969267,0.16538291227746668,0.15497722283771118,0.1446951199743893,0.13427192754204717,0.12398739976300174,0.11358470628380248,0.10319209015408207,0.09272791277375589,0.08245499627721273,0.07213398694846372,0.06178037214612335,0.05462156645698552,0.04736863349457835,0.040263204981908614,0.03330849831589892,0.0265074094943121,0.019409650350185655,0.012711057949459783,0.005985680096693602,0.503989569707706,0.49807180868989553,0.49157614257748444,0.4849805096373105,0.4782951993514088,0.47153018170338973,0.4646948350655929,0.4573847161316739,0.45002204038057814,0.4426160171929698,0.4351753008556197,0.42770798424447604,0.41986114002600133,0.4120048084122129,4.486938639379779e-17,0.3961952491671171,0.38837146035606024,0.38026517532881565,0.37219204094769487,0.36415931066013923,0.35617363768472443,0.3482411241808738,0.0,0.0,0.0,0.0,0.0,0.0,0.0,0.0,0.0,0.0,42.578125,49.296875,56.328125,63.515625,70.703125,78.203125,85.078125,91.953125,98.828125,106.015625,112.890625,122.265625,131.484375,140.859375,150.390625,159.921875,168.984375,178.046875,187.42187499999997,196.484375,205.859375,213.515625,221.328125,229.140625,237.265625,245.390625,253.203125,261.015625,269.140625,277.578125,285.703125,296.640625,307.578125,318.828125,330.07812499999994,341.640625,353.203125,365.07812499999994,376.953125,389.140625,401.640625,410.07812500000006,418.828125,427.578125,436.32812499999994,445.078125,454.453125,463.515625,472.89062499999994,0.0,0.0,0.0,0.0,0.0,0.0,0.0,0.0,0.0,0.0,0.0,0.0,0.0,0.0,474.7299530332348,0.0,0.0,0.0,0.0,0.0,0.0,0.0
USA,35.82114212646448,35.823213545449306,35.817504946060666,35.816769940735526,35.82866937680025,35.8535887767218,35.87790990259492,35.915032548307934,35.96056590653977,36.01421836762189,35.853594291215906,35.8747701565373,35.89958336046893,35.931836715055105,35.96609104731866,36.00386649937491,36.04508039222563,36.09268957469074,36.14764650172152,36.20831161369426,36.27863972737746,36.3397226456547,36.40759999264092,36.4797226633527,36.55586749412494,36.6353815162538,36.715952161809845,36.80227170659388,36.894482889074254,36.99775733602815,37.11059345553721,37.227031429334225,37.34811764361337,37.474622826275,37.60446114105468,37.7370824553324,37.861299513206134,37.99060839132829,38.12555054757033,38.26506027016427,38.4125965521853,38.5498612198212,38.69246068736901,38.8391788798595,38.990102482083685,39.14419449166155,39.29081913708389,39.43703904945427,39.58720411946452,39.742965530898644,39.90543888902538,40.0762271616137,40.24951050503754,40.42575471103391,40.60538727902062,40.78823518008515,40.96687721459743,41.14667089490341,41.32603987374086,42.519906059477705,42.71948557913649,42.91071464146226,43.100619167828405,43.2912347415005,43.4823055376938,43.67400402398896,43.85859172603436,44.04035629406452,44.21988580943253,44.396521235541364,44.56916910188648,44.72971928896724,44.88678449988077,44.297591264266345,45.1914675553987,45.3595052110686,45.517374754413375,45.6725505957007,45.82571254285759,45.976244547047884,46.12260292937339,5.847193698243596,5.883696301836583,5.917910444895919,5.949868440250163,5.979622538685624,6.007241810746362,6.02923109906494,6.049133120414707,6.067013951097975,6.0829345757856625,4.937274862013394,4.824222427713722,4.7086704515264515,4.592832294747898,4.4786615422712925,4.3613524386802505,4.249886102888041,4.13906046522333,4.028754865929713,3.9148949866836604,3.805470432794321,3.6627210170606097,3.523533378543565,3.383998816120956,3.244125494163249,3.105668450952118,2.97175428688773,2.839065328071813,2.704303534579517,2.5740763102482522,2.441881981773449,2.3464298479648646,2.2510463011061925,2.1573058271184156,2.0622774024489434,1.9689905706236994,1.879778978948312,1.7922121665616748,1.7035839322518567,1.6140492916862819,1.5289540496007206,1.422344525507159,1.3184506250168682,1.2148031046534569,1.1138952323391047,1.0133656939184656,0.9152885296769208,0.8177693982166493,0.7230810813000366,0.6290687708058328,0.5358376151506875,0.47155932526834576,0.40709448423525413,0.3444966475723985,0.2837538355601545,0.22485343408733718,0.16405199376463814,0.10705737944921088,0.050240816165428914,4.216071502330538,4.153896680391625,4.089732581965861,4.025291309254268,3.9606349185664405,3.895824422214503,3.830917155292072,3.764833323660333,3.698765725016925,3.6327638476291226,3.5668743185189102,3.501140681393439,3.4349389228706437,3.36897926135049,3.667404088403138e-16,3.2365545717706103,3.1717152174760193,3.106798671983288,3.042330446020979,2.9783437519897413,2.9148690476865062,2.8519342735217275,0.0,0.0,0.0,0.0,0.0,0.0,0.0,0.0,0.0,0.0,42.578125,49.296875,56.328125,63.515625,70.703125,78.203125,85.078125,91.953125,98.828125,106.015625,112.890625,122.265625,131.484375,140.859375,150.390625,159.921875,168.984375,178.046875,187.42187499999997,196.484375,205.859375,213.515625,221.328125,229.140625,237.265625,245.390625,253.203125,261.015625,269.140625,277.578125,285.703125,296.640625,307.578125,318.828125,330.07812499999994,341.640625,353.203125,365.07812499999994,376.953125,389.140625,401.640625,410.07812500000006,418.828125,427.578125,436.32812499999994,445.078125,454.453125,463.515625,472.89062499999994,0.0,0.0,0.0,0.0,0.0,0.0,0.0,0.0,0.0,0.0,0.0,0.0,0.0,0.0,474.7299530332348,0.0,0.0,0.0,0.0,0.0,0.0,0.0
EU27,27.076193629310065,27.46352425213376,27.839214228276337,28.21022087000113,28.580031980333416,28.949315907352283,29.31428894790147,29.676915108613024,30.0387191674254,30.40009284949574,30.78281000247089,31.149988752947163,31.518670697704128,31.892045766273576,32.267505915628256,32.64681227723644,33.025494157458745,33.407953732885645,33.79602433593074,34.190280256428544,34.59112565174242,34.9813453247522,35.37440178731127,35.77186397094064,36.17396878106524,36.58041324380535,36.993425069538105,37.41098203459556,37.83576135247629,38.26927446049792,38.712309466359784,39.15710602364101,39.6079891673117,40.06683965947179,40.533330284406205,41.00713333126735,41.488371953378696,41.97727023876914,42.47596405761145,42.98417604733654,43.50335286089452,44.02962944502484,44.565131616530515,45.110376868797715,45.66539768083209,46.23013363809734,46.79604174327171,47.37000528500657,47.95475120924214,48.55145723964656,49.16141066577427,49.777984782107026,50.405855736963005,51.046193094763865,51.69948885420005,52.36591825051007,53.03026811689924,53.706115722547615,54.393856781382304,55.094686266967486,55.82125290556645,56.546766128706416,57.285099537714316,58.03889875771917,58.80815192999375,59.5932218807105,60.38176073786904,61.18308633477474,61.99890804313709,62.82885678509713,63.672294341407756,64.52127815554869,65.38343920665766,66.26318479253506,67.16304519099148,68.08046011193207,69.00932260945083,69.9529123210678,70.91212947384479,71.88658365826284,72.87515477010683,3.351370129584132,3.5576722025761063,3.4691340830012587,3.1810142821613483,3.0356774607505708,2.8905741786445596,2.7456917321840177,2.6010173467583217,2.456537979390363,2.312240426014136,1.755723417120476,1.5794544161553694,1.4097430696114408,1.2471843036506576,1.0920837526573839,0.9430896619400115,0.8027331589845264,0.6685891499059103,0.540477711848291,0.4178261334631319,0.3014809245227467,0.26199527128683986,0.2248210253748671,0.1896444826203875,0.156467144635043,0.12536538382733767,0.09647061135218166,0.06950323682529923,0.04439090229170041,0.021254044807566833,0.0,0.0,0.0,0.0,0.0,0.0,0.0,0.0,0.0,0.0,0.0,0.0,0.0,0.0,0.0,0.0,0.0,0.0,0.0,0.0,0.0,0.0,0.0,0.0,0.0,0.0,0.0,0.0,0.0,0.0,0.0,0.0,0.0,0.0,0.0,0.0,0.0,0.0,0.0,0.0,0.0,0.0,0.0,0.0,0.0,0.0,0.0,0.0,0.0,0.0,0.0,0.0,0.0,0.0,0.0,0.0,0.0,0.0,0.0,0.0,0.0,42.578125,49.296875,56.328125,63.515625,70.703125,78.203125,85.078125,91.953125,98.828125,106.015625,112.890625,122.265625,131.484375,140.859375,150.390625,159.921875,168.984375,178.046875,187.42187499999997,196.484375,205.859375,213.515625,221.328125,229.140625,237.265625,245.390625,253.203125,261.015625,269.140625,277.578125,285.703125,296.640625,307.578125,318.828125,330.07812499999994,341.640625,353.203125,365.07812499999994,376.953125,389.140625,401.640625,410.07812500000006,418.828125,427.578125,436.32812499999994,445.078125,454.453125,463.515625,472.89062499999994,0.0,0.0,0.0,0.0,0.0,0.0,0.0,0.0,0.0,0.0,0.0,0.0,0.0,0.0,474.7299530332348,0.0,0.0,0.0,0.0,0.0,0.0,0.0
outside_union,3.8162774394578047,3.9101221448660537,4.003003536318797,4.097874366518357,4.197095585595549,4.301324097686031,4.403814103162754,4.510282328885146,4.621510562754579,4.737871801185831,5.141014021877986,5.29246552873641,5.447857252063196,5.609237874825938,5.773309300524185,5.942457434643034,6.106542935284564,6.275175608144491,6.449717708634047,6.630937099483547,6.8180451610715105,7.008020800284002,7.201756208299074,7.400525511798544,7.604476676474746,7.812925265966452,8.020730423389331,8.233018885461828,8.452932702920611,8.683635585120006,8.923573125758756,9.169118320588677,9.421266381735014,9.681149369585732,9.948369147557763,10.222383265037037,10.495216532425715,10.774405727221744,11.061535262865897,11.356252239915461,11.661044634304519,11.961959952481116,12.267818557963155,12.579967734484573,12.898651807346218,13.22589075806888,13.552249299856438,13.88285984839989,14.219608843296186,14.563673674158178,14.915243380344588,15.273279942822374,15.637273232659592,16.0081524555863,16.386671196765747,16.772932669992503,17.155531265863576,17.543231735625643,17.9349240850509,18.452255718240366,18.87813516381318,19.298928725542844,19.724145172808697,20.156461055971057,20.59581408688436,21.042540795530705,21.48533420693196,21.930228554914954,22.37832694958255,22.82652081606076,23.273961958133366,23.710721032926436,24.146485330938567,24.475365372816814,25.03768671648482,25.497112796124025,25.94575018789565,26.394853838583607,26.843325867399926,27.289871688453907,27.731892802277596,32.563922994558276,33.10418182054618,33.645205273993255,34.18762524998957,34.73227660554813,35.2801677571401,35.462222937153655,35.64741048428736,35.836521779752154,36.0303078934711,29.338430346952784,28.49413661269131,27.65625938222693,26.837013258193636,26.04682320316662,25.256781150536533,24.43076362620465,23.627777055131673,22.846218572688016,22.06225969012924,21.320235176798953,20.308146009256355,19.33861588927439,18.38891765942902,17.45830106098423,16.55535299185205,15.820404146757834,15.098732384261941,14.372159658814223,13.67518126157422,12.972629975941942,12.498669906938355,12.026132312094578,11.56307396856108,11.093427109547306,10.63306752733677,10.194432392126693,9.763363693490762,9.324863722351393,8.879382055884003,8.45606223537445,7.9292538728399435,7.410542683528557,6.88586681006583,6.369045850204961,5.846377859443074,5.3240326867438,4.796974442580687,4.278307250906063,3.7551677500326943,3.2278407846141057,2.8729255002386735,2.5089197957511193,2.1482172571871017,1.790762397395757,1.4364926874795478,1.0604795784937517,0.7004032661991478,0.33273332894285274,21.284282695850305,21.180872030680952,21.05718509231833,20.932098819235527,20.805888669149397,20.678827119691146,20.551160722232517,20.405379451251864,20.258874924270042,20.111865689493463,19.964548505957215,19.81709619079147,19.65327328015431,19.489166044277912,2.9463774462183953e-15,19.15388124444297,18.99097381914123,18.813863601803224,18.637212672106475,18.46120858722488,18.286014140326383,18.11176981938065,0.0,0.0,0.0,0.0,0.0,0.0,0.0,0.0,0.0,0.0,42.578125,49.296875,56.328125,63.515625,70.703125,78.203125,85.078125,91.953125,98.828125,106.015625,112.890625,122.265625,131.484375,140.859375,150.390625,159.921875,168.984375,178.046875,187.42187499999997,196.484375,205.859375,213.515625,221.328125,229.140625,237.265625,245.390625,253.203125,261.015625,269.140625,277.578125,285.703125,296.640625,307.578125,318.828125,330.07812499999994,341.640625,353.203125,365.07812499999994,376.953125,389.140625,401.640625,410.07812500000006,418.828125,427.578125,436.3281249999999,445.078125,454.453125,463.515625,472.8906249999999,3.1672781973913153,3.1641109191939245,3.1609468082747303,3.157785861466455,3.154628075604989,3.151473447529384,3.1483219740818544,3.145173652107773,3.142028478455665,3.1388864499772096,3.1357475635272323,3.132611815963705,3.1294792041477413,3.1263497249435934,474.7299530332367,3.1201001518434315,3.1169800516915878,3.1138630716398965,3.110749208568256,3.107638459359688,3.104530820900328,3.101426290079428
