time,country,country_carbon_tax
2020,RUS,0.0
2021,RUS,0.0
2022,RUS,0.0
2023,RUS,0.0
2024,RUS,0.0
2025,RUS,0.0
2026,RUS,0.0
2027,RUS,0.0
2028,RUS,0.0
2029,RUS,0.0
2030,RUS,0.0
2031,RUS,0.0
2032,RUS,0.0
2033,RUS,0.0
2034,RUS,0.0
2035,RUS,0.0
2036,RUS,0.0
2037,RUS,0.0
2038,RUS,0.0
2039,RUS,0.0
2040,RUS,0.0
2041,RUS,0.0
2042,RUS,0.0
2043,RUS,0.0
2044,RUS,0.0
2045,RUS,0.6486161498945335
2046,RUS,5.076069656184837
2047,RUS,11.920871763563904
2048,RUS,20.752247474554455
2049,RUS,30.727670956576635
2050,RUS,42.138848292208905
2051,RUS,50.861411648086246
2052,RUS,60.17719859612825
2053,RUS,69.87540078791561
2054,RUS,80.29785727975181
2055,RUS,91.05002906621525
2056,RUS,101.56613940512061
2057,RUS,112.33761512414331
2058,RUS,123.77305572004057
2059,RUS,135.8827353807054
2060,RUS,147.77856601556016
2061,RUS,163.89584247684314
2062,RUS,180.38009076683497
2063,RUS,197.6879317436088
2064,RUS,215.33704923571702
2065,RUS,233.80910376491258
2066,RUS,252.50567928978322
2067,RUS,272.05160091061384
2068,RUS,291.9353116722181
2069,RUS,312.68100887559206
2070,RUS,334.304353548251
2071,RUS,349.0634332020409
2072,RUS,364.5649447800611
2073,RUS,380.2676990155197
2074,RUS,396.17348553376047
2075,RUS,412.28475186707806
2076,RUS,429.72840180896213
2077,RUS,446.8463994280801
2078,RUS,464.804786120748
2079,RUS,481.42628600347996
2080,RUS,480.94485971747645
2081,RUS,480.463914857759
2082,RUS,479.9834509429012
2083,RUS,479.5034674919583
2084,RUS,479.02396402446635
2085,RUS,478.5449400604419
2086,RUS,478.06639512038146
2087,RUS,477.5883287252611
2088,RUS,477.11074039653585
2089,RUS,476.6336296561393
2090,RUS,476.15699602648317
2091,RUS,475.6808390304567
2092,RUS,475.2051581914262
2093,RUS,474.72995303323466
2094,RUS,474.2552230802016
2095,RUS,473.7809678571213
2096,RUS,473.30718688926424
2097,RUS,472.83387970237493
2098,RUS,472.3610458226726
2099,RUS,471.88868477684986
2100,RUS,471.416796092073
2101,RUS,0.0
2102,RUS,0.0
2103,RUS,0.0
2104,RUS,0.0
2105,RUS,0.0
2106,RUS,0.0
2107,RUS,0.0
2108,RUS,0.0
2109,RUS,0.0
2110,RUS,0.0
2111,RUS,0.0
2112,RUS,0.0
2113,RUS,0.0
2114,RUS,0.0
2115,RUS,0.0
2116,RUS,0.0
2117,RUS,0.0
2118,RUS,0.0
2119,RUS,0.0
2120,RUS,0.0
2121,RUS,0.0
2122,RUS,0.0
2123,RUS,0.0
2124,RUS,0.0
2125,RUS,0.0
2126,RUS,0.0
2127,RUS,0.0
2128,RUS,0.0
2129,RUS,0.0
2130,RUS,0.0
2131,RUS,0.0
2132,RUS,0.0
2133,RUS,0.0
2134,RUS,0.0
2135,RUS,0.0
2136,RUS,0.0
2137,RUS,0.0
2138,RUS,0.0
2139,RUS,0.0
2140,RUS,0.0
2141,RUS,0.0
2142,RUS,0.0
2143,RUS,0.0
2144,RUS,0.0
2145,RUS,0.0
2146,RUS,0.0
2147,RUS,0.0
2148,RUS,0.0
2149,RUS,0.0
2150,RUS,0.0
2151,RUS,0.0
2152,RUS,0.0
2153,RUS,0.0
2154,RUS,0.0
2155,RUS,0.0
2156,RUS,0.0
2157,RUS,0.0
2158,RUS,0.0
2159,RUS,0.0
2160,RUS,0.0
2161,RUS,0.0
2162,RUS,0.0
2163,RUS,0.0
2164,RUS,0.0
2165,RUS,0.0
2166,RUS,0.0
2167,RUS,0.0
2168,RUS,0.0
2169,RUS,0.0
2170,RUS,0.0
2171,RUS,0.0
2172,RUS,0.0
2173,RUS,0.0
2174,RUS,0.0
2175,RUS,0.0
2176,RUS,0.0
2177,RUS,0.0
2178,RUS,0.0
2179,RUS,0.0
2180,RUS,0.0
2181,RUS,0.0
2182,RUS,0.0
2183,RUS,0.0
2184,RUS,0.0
2185,RUS,0.0
2186,RUS,0.0
2187,RUS,0.0
2188,RUS,0.0
2189,RUS,0.0
2190,RUS,0.0
2191,RUS,0.0
2192,RUS,0.0
2193,RUS,0.0
2194,RUS,0.0
2195,RUS,0.0
2196,RUS,0.0
2197,RUS,0.0
2198,RUS,0.0
2199,RUS,0.0
2200,RUS,0.0
2201,RUS,0.0
2202,RUS,0.0
2203,RUS,0.0
2204,RUS,0.0
2205,RUS,0.0
2206,RUS,0.0
2207,RUS,0.0
2208,RUS,0.0
2209,RUS,0.0
2210,RUS,0.0
2211,RUS,0.0
2212,RUS,0.0
2213,RUS,0.0
2214,RUS,0.0
2215,RUS,0.0
2216,RUS,0.0
2217,RUS,0.0
2218,RUS,0.0
2219,RUS,0.0
2220,RUS,0.0
2221,RUS,0.0
2222,RUS,0.0
2223,RUS,0.0
2224,RUS,0.0
2225,RUS,0.0
2226,RUS,0.0
2227,RUS,0.0
2228,RUS,0.0
2229,RUS,0.0
2230,RUS,0.0
2231,RUS,0.0
2232,RUS,0.0
2233,RUS,0.0
2234,RUS,0.0
2235,RUS,0.0
2236,RUS,0.0
2237,RUS,0.0
2238,RUS,0.0
2239,RUS,0.0
2240,RUS,0.0
2241,RUS,0.0
2242,RUS,0.0
2243,RUS,0.0
2244,RUS,0.0
2245,RUS,0.0
2246,RUS,0.0
2247,RUS,0.0
2248,RUS,0.0
2249,RUS,0.0
2250,RUS,0.0
2251,RUS,0.0
2252,RUS,0.0
2253,RUS,0.0
2254,RUS,0.0
2255,RUS,0.0
2256,RUS,0.0
2257,RUS,0.0
2258,RUS,0.0
2259,RUS,0.0
2260,RUS,0.0
2261,RUS,0.0
2262,RUS,0.0
2263,RUS,0.0
2264,RUS,0.0
2265,RUS,0.0
2266,RUS,0.0
2267,RUS,0.0
2268,RUS,0.0
2269,RUS,0.0
2270,RUS,0.0
2271,RUS,0.0
2272,RUS,0.0
2273,RUS,0.0
2274,RUS,0.0
2275,RUS,0.0
2276,RUS,0.0
2277,RUS,0.0
2278,RUS,0.0
2279,RUS,0.0
2280,RUS,0.0
2281,RUS,0.0
2282,RUS,0.0
2283,RUS,0.0
2284,RUS,0.0
2285,RUS,0.0
2286,RUS,0.0
2287,RUS,0.0
2288,RUS,0.0
2289,RUS,0.0
2290,RUS,0.0
2291,RUS,0.0
2292,RUS,0.0
2293,RUS,0.0
2294,RUS,0.0
2295,RUS,0.0
2296,RUS,0.0
2297,RUS,0.0
2298,RUS,0.0
2299,RUS,0.0
2300,RUS,0.0
