Consommation Emissions en tCO₂/pers,,,,,,,,,,,,,,,,,,,,,,,,,,,,,,,,,,,,,,,,,,,,,,,,,,,,,,,,,,,,,,,,,,,,,,,,,,,,,,,,,,,,,,,,,,,,,,,,,,,,,,,,,,,,,,,,,,,,,,,,,,,,,,,,,,,,,,,,,,,,,,,,,,,,,,,,,,,,,,,,,,,,,,,,,,,,,,,,,,,,,,,,,,,,,,,,,,,,,,,,,,,,,,,,,,,,,,,,,,,,,
,Afghanistan,Afrique du Sud,Albanie,Algérie,Allemagne,Andorre,Angola,Anguilla,Antigua-et-Barbuda,Arabie Saoudite,Argentine,Arménie,Aruba,Australie,Autriche,Azerbaïdjan,Bahamas,Bahreïn,Bangladesh,Barbade,Belgique,Belize,Bermudes,Bhoutan,Birmanie,Biélorussie,Bolivie,"Bonaire, Saint-Eustache et Saba",Bosnie-Herzégovine,Botswana,Brunei,Brésil,Bulgarie,Burkina Faso,Burundi,Bénin,Cambodge,Cameroun,Canada,Cap-Vert,Chili,Chine,Chypre,Colombie,Comores,Congo,Corée du Nord,Corée du Sud,Costa Rica,Croatie,Cuba,Curaçao,Côte d'Ivoire,Danemark,Djibouti,Dominique,Emirats arabes unis,Espagne,Estonie,Federation de Russie,Fidji,Finlande,France,Gabon,Gambie,Ghana,Gibraltar,Grenade,Groenland,Grèce,Guadeloupe,Guatemala,Guinée,Guinée équatoriale,Guinée-Bissau,Guyana,Guyane française,Géorgie,Haïti,Honduras,Hong-Kong,Hongrie,Inde,Indonésie,Irak,Iran,Irlande,Islande,Israël,Italie,Jamaïque,Japon,Jordanie,Kazakhstan,Kenya,Kirghizistan,Kiribati,Kosovo,Koweït,La Réunion,Laos,Lesotho,Lettonie,Liban,Liberia,Libye,Liechtenstein,Lituanie,Luxembourg,Macao,Macédoine du Nord,Madagascar,Malaisie,Malawi,Maldives,Mali,Malte,Maroc,Martinique,Mauritanie,Mexique,Micronésie,Moldavie,Mongolie,Montserrat,Monténégro,Mozambique,Namibie,Nauru,Nicaragua,Niger,Nigeria,Niue,Norvège,Nouvelle-Calédonie,Nouvelle-Zélande,Népal,Oman,Ouganda,Ouzbékistan,Pakistan,Palaos,Panama,Papouasie-Nouvelle-Guinée,Paraguay,Pays-Bas,Philippines,Pologne,Polynésie française,Portugal,Pérou,Qatar,Roumanie,Royaume-Uni,Rwanda,Rép. Du Soudan du Sud,République Dominicaine,République centrafricaine,République démocratique du Congo,République tchèque,Sahara occidental,Saint-Kitts-et-Nevis,Sainte-Hélène,Sainte-Lucie,Salvador,Samoa,Sao Tomé-et-Principe,Serbie,Seychelles,Sierra Leone,Singapour,Slovaquie,Slovénie,Somalie,Soudan,Sri Lanka,St-Pierre-et-Miquelon,St-Vincent-et-les-Grenadines,Suisse,Suriname,Suède,Swaziland,Syrie,Sénégal,Tadjikistan,Tanzanie,Taïwan,Tchad,Territoires palestiniens,Thaïlande,Timor oriental,Togo,Tonga,Trinité-et-Tobago,Tunisie,Turkménistan,Turquie,Tuvalu,Ukraine,Uruguay,Vanuatu,Venezuela,Vietnam,Wallis-et-Futuna,Yémen,Zambie,Zimbabwe,Égypte,Équateur,Érythrée,États-Unis,Éthiopie,Île Maurice,Îles Caïmans,Îles Cook,Îles Féroé,Îles Malouines,Îles Marshall,Îles Salomon,Îles Turques-et-Caïques,Îles Vierges
1960,,,,,,,,,,,,,,,,,,,,,,,,,,,,,,,,,,,,,,,,,,,,,,,,,,,,,,,,,,,,,,,,,,,,,,,,,,,,,,,,,,,,,,,,,,,,,,,,,,,,,,,,,,,,,,,,,,,,,,,,,,,,,,,,,,,,,,,,,,,,,,,,,,,,,,,,,,,,,,,,,,,,,,,,,,,,,,,,,,,,,,,,,,,,,,,,,,,,,,,,,,,,,,,,,,,,,,,,,,,,,
1961,,,,,,,,,,,,,,,,,,,,,,,,,,,,,,,,,,,,,,,,,,,,,,,,,,,,,,,,,,,,,,,,,,,,,,,,,,,,,,,,,,,,,,,,,,,,,,,,,,,,,,,,,,,,,,,,,,,,,,,,,,,,,,,,,,,,,,,,,,,,,,,,,,,,,,,,,,,,,,,,,,,,,,,,,,,,,,,,,,,,,,,,,,,,,,,,,,,,,,,,,,,,,,,,,,,,,,,,,,,,,
1962,,,,,,,,,,,,,,,,,,,,,,,,,,,,,,,,,,,,,,,,,,,,,,,,,,,,,,,,,,,,,,,,,,,,,,,,,,,,,,,,,,,,,,,,,,,,,,,,,,,,,,,,,,,,,,,,,,,,,,,,,,,,,,,,,,,,,,,,,,,,,,,,,,,,,,,,,,,,,,,,,,,,,,,,,,,,,,,,,,,,,,,,,,,,,,,,,,,,,,,,,,,,,,,,,,,,,,,,,,,,,
1963,,,,,,,,,,,,,,,,,,,,,,,,,,,,,,,,,,,,,,,,,,,,,,,,,,,,,,,,,,,,,,,,,,,,,,,,,,,,,,,,,,,,,,,,,,,,,,,,,,,,,,,,,,,,,,,,,,,,,,,,,,,,,,,,,,,,,,,,,,,,,,,,,,,,,,,,,,,,,,,,,,,,,,,,,,,,,,,,,,,,,,,,,,,,,,,,,,,,,,,,,,,,,,,,,,,,,,,,,,,,,
1964,,,,,,,,,,,,,,,,,,,,,,,,,,,,,,,,,,,,,,,,,,,,,,,,,,,,,,,,,,,,,,,,,,,,,,,,,,,,,,,,,,,,,,,,,,,,,,,,,,,,,,,,,,,,,,,,,,,,,,,,,,,,,,,,,,,,,,,,,,,,,,,,,,,,,,,,,,,,,,,,,,,,,,,,,,,,,,,,,,,,,,,,,,,,,,,,,,,,,,,,,,,,,,,,,,,,,,,,,,,,,
1965,,,,,,,,,,,,,,,,,,,,,,,,,,,,,,,,,,,,,,,,,,,,,,,,,,,,,,,,,,,,,,,,,,,,,,,,,,,,,,,,,,,,,,,,,,,,,,,,,,,,,,,,,,,,,,,,,,,,,,,,,,,,,,,,,,,,,,,,,,,,,,,,,,,,,,,,,,,,,,,,,,,,,,,,,,,,,,,,,,,,,,,,,,,,,,,,,,,,,,,,,,,,,,,,,,,,,,,,,,,,,
1966,,,,,,,,,,,,,,,,,,,,,,,,,,,,,,,,,,,,,,,,,,,,,,,,,,,,,,,,,,,,,,,,,,,,,,,,,,,,,,,,,,,,,,,,,,,,,,,,,,,,,,,,,,,,,,,,,,,,,,,,,,,,,,,,,,,,,,,,,,,,,,,,,,,,,,,,,,,,,,,,,,,,,,,,,,,,,,,,,,,,,,,,,,,,,,,,,,,,,,,,,,,,,,,,,,,,,,,,,,,,,
1967,,,,,,,,,,,,,,,,,,,,,,,,,,,,,,,,,,,,,,,,,,,,,,,,,,,,,,,,,,,,,,,,,,,,,,,,,,,,,,,,,,,,,,,,,,,,,,,,,,,,,,,,,,,,,,,,,,,,,,,,,,,,,,,,,,,,,,,,,,,,,,,,,,,,,,,,,,,,,,,,,,,,,,,,,,,,,,,,,,,,,,,,,,,,,,,,,,,,,,,,,,,,,,,,,,,,,,,,,,,,,
1968,,,,,,,,,,,,,,,,,,,,,,,,,,,,,,,,,,,,,,,,,,,,,,,,,,,,,,,,,,,,,,,,,,,,,,,,,,,,,,,,,,,,,,,,,,,,,,,,,,,,,,,,,,,,,,,,,,,,,,,,,,,,,,,,,,,,,,,,,,,,,,,,,,,,,,,,,,,,,,,,,,,,,,,,,,,,,,,,,,,,,,,,,,,,,,,,,,,,,,,,,,,,,,,,,,,,,,,,,,,,,
1969,,,,,,,,,,,,,,,,,,,,,,,,,,,,,,,,,,,,,,,,,,,,,,,,,,,,,,,,,,,,,,,,,,,,,,,,,,,,,,,,,,,,,,,,,,,,,,,,,,,,,,,,,,,,,,,,,,,,,,,,,,,,,,,,,,,,,,,,,,,,,,,,,,,,,,,,,,,,,,,,,,,,,,,,,,,,,,,,,,,,,,,,,,,,,,,,,,,,,,,,,,,,,,,,,,,,,,,,,,,,,
1970,,,,,,,,,,,,,,,,,,,,,,,,,,,,,,,,,,,,,,,,,,,,,,,,,,,,,,,,,,,,,,,,,,,,,,,,,,,,,,,,,,,,,,,,,,,,,,,,,,,,,,,,,,,,,,,,,,,,,,,,,,,,,,,,,,,,,,,,,,,,,,,,,,,,,,,,,,,,,,,,,,,,,,,,,,,,,,,,,,,,,,,,,,,,,,,,,,,,,,,,,,,,,,,,,,,,,,,,,,,,,
1971,,,,,,,,,,,,,,,,,,,,,,,,,,,,,,,,,,,,,,,,,,,,,,,,,,,,,,,,,,,,,,,,,,,,,,,,,,,,,,,,,,,,,,,,,,,,,,,,,,,,,,,,,,,,,,,,,,,,,,,,,,,,,,,,,,,,,,,,,,,,,,,,,,,,,,,,,,,,,,,,,,,,,,,,,,,,,,,,,,,,,,,,,,,,,,,,,,,,,,,,,,,,,,,,,,,,,,,,,,,,,
1972,,,,,,,,,,,,,,,,,,,,,,,,,,,,,,,,,,,,,,,,,,,,,,,,,,,,,,,,,,,,,,,,,,,,,,,,,,,,,,,,,,,,,,,,,,,,,,,,,,,,,,,,,,,,,,,,,,,,,,,,,,,,,,,,,,,,,,,,,,,,,,,,,,,,,,,,,,,,,,,,,,,,,,,,,,,,,,,,,,,,,,,,,,,,,,,,,,,,,,,,,,,,,,,,,,,,,,,,,,,,,
1973,,,,,,,,,,,,,,,,,,,,,,,,,,,,,,,,,,,,,,,,,,,,,,,,,,,,,,,,,,,,,,,,,,,,,,,,,,,,,,,,,,,,,,,,,,,,,,,,,,,,,,,,,,,,,,,,,,,,,,,,,,,,,,,,,,,,,,,,,,,,,,,,,,,,,,,,,,,,,,,,,,,,,,,,,,,,,,,,,,,,,,,,,,,,,,,,,,,,,,,,,,,,,,,,,,,,,,,,,,,,,
1974,,,,,,,,,,,,,,,,,,,,,,,,,,,,,,,,,,,,,,,,,,,,,,,,,,,,,,,,,,,,,,,,,,,,,,,,,,,,,,,,,,,,,,,,,,,,,,,,,,,,,,,,,,,,,,,,,,,,,,,,,,,,,,,,,,,,,,,,,,,,,,,,,,,,,,,,,,,,,,,,,,,,,,,,,,,,,,,,,,,,,,,,,,,,,,,,,,,,,,,,,,,,,,,,,,,,,,,,,,,,,
1975,,,,,,,,,,,,,,,,,,,,,,,,,,,,,,,,,,,,,,,,,,,,,,,,,,,,,,,,,,,,,,,,,,,,,,,,,,,,,,,,,,,,,,,,,,,,,,,,,,,,,,,,,,,,,,,,,,,,,,,,,,,,,,,,,,,,,,,,,,,,,,,,,,,,,,,,,,,,,,,,,,,,,,,,,,,,,,,,,,,,,,,,,,,,,,,,,,,,,,,,,,,,,,,,,,,,,,,,,,,,,
1976,,,,,,,,,,,,,,,,,,,,,,,,,,,,,,,,,,,,,,,,,,,,,,,,,,,,,,,,,,,,,,,,,,,,,,,,,,,,,,,,,,,,,,,,,,,,,,,,,,,,,,,,,,,,,,,,,,,,,,,,,,,,,,,,,,,,,,,,,,,,,,,,,,,,,,,,,,,,,,,,,,,,,,,,,,,,,,,,,,,,,,,,,,,,,,,,,,,,,,,,,,,,,,,,,,,,,,,,,,,,,
1977,,,,,,,,,,,,,,,,,,,,,,,,,,,,,,,,,,,,,,,,,,,,,,,,,,,,,,,,,,,,,,,,,,,,,,,,,,,,,,,,,,,,,,,,,,,,,,,,,,,,,,,,,,,,,,,,,,,,,,,,,,,,,,,,,,,,,,,,,,,,,,,,,,,,,,,,,,,,,,,,,,,,,,,,,,,,,,,,,,,,,,,,,,,,,,,,,,,,,,,,,,,,,,,,,,,,,,,,,,,,,
1978,,,,,,,,,,,,,,,,,,,,,,,,,,,,,,,,,,,,,,,,,,,,,,,,,,,,,,,,,,,,,,,,,,,,,,,,,,,,,,,,,,,,,,,,,,,,,,,,,,,,,,,,,,,,,,,,,,,,,,,,,,,,,,,,,,,,,,,,,,,,,,,,,,,,,,,,,,,,,,,,,,,,,,,,,,,,,,,,,,,,,,,,,,,,,,,,,,,,,,,,,,,,,,,,,,,,,,,,,,,,,
1979,,,,,,,,,,,,,,,,,,,,,,,,,,,,,,,,,,,,,,,,,,,,,,,,,,,,,,,,,,,,,,,,,,,,,,,,,,,,,,,,,,,,,,,,,,,,,,,,,,,,,,,,,,,,,,,,,,,,,,,,,,,,,,,,,,,,,,,,,,,,,,,,,,,,,,,,,,,,,,,,,,,,,,,,,,,,,,,,,,,,,,,,,,,,,,,,,,,,,,,,,,,,,,,,,,,,,,,,,,,,,
1980,,,,,,,,,,,,,,,,,,,,,,,,,,,,,,,,,,,,,,,,,,,,,,,,,,,,,,,,,,,,,,,,,,,,,,,,,,,,,,,,,,,,,,,,,,,,,,,,,,,,,,,,,,,,,,,,,,,,,,,,,,,,,,,,,,,,,,,,,,,,,,,,,,,,,,,,,,,,,,,,,,,,,,,,,,,,,,,,,,,,,,,,,,,,,,,,,,,,,,,,,,,,,,,,,,,,,,,,,,,,,
1981,,,,,,,,,,,,,,,,,,,,,,,,,,,,,,,,,,,,,,,,,,,,,,,,,,,,,,,,,,,,,,,,,,,,,,,,,,,,,,,,,,,,,,,,,,,,,,,,,,,,,,,,,,,,,,,,,,,,,,,,,,,,,,,,,,,,,,,,,,,,,,,,,,,,,,,,,,,,,,,,,,,,,,,,,,,,,,,,,,,,,,,,,,,,,,,,,,,,,,,,,,,,,,,,,,,,,,,,,,,,,
1982,,,,,,,,,,,,,,,,,,,,,,,,,,,,,,,,,,,,,,,,,,,,,,,,,,,,,,,,,,,,,,,,,,,,,,,,,,,,,,,,,,,,,,,,,,,,,,,,,,,,,,,,,,,,,,,,,,,,,,,,,,,,,,,,,,,,,,,,,,,,,,,,,,,,,,,,,,,,,,,,,,,,,,,,,,,,,,,,,,,,,,,,,,,,,,,,,,,,,,,,,,,,,,,,,,,,,,,,,,,,,
1983,,,,,,,,,,,,,,,,,,,,,,,,,,,,,,,,,,,,,,,,,,,,,,,,,,,,,,,,,,,,,,,,,,,,,,,,,,,,,,,,,,,,,,,,,,,,,,,,,,,,,,,,,,,,,,,,,,,,,,,,,,,,,,,,,,,,,,,,,,,,,,,,,,,,,,,,,,,,,,,,,,,,,,,,,,,,,,,,,,,,,,,,,,,,,,,,,,,,,,,,,,,,,,,,,,,,,,,,,,,,,
1984,,,,,,,,,,,,,,,,,,,,,,,,,,,,,,,,,,,,,,,,,,,,,,,,,,,,,,,,,,,,,,,,,,,,,,,,,,,,,,,,,,,,,,,,,,,,,,,,,,,,,,,,,,,,,,,,,,,,,,,,,,,,,,,,,,,,,,,,,,,,,,,,,,,,,,,,,,,,,,,,,,,,,,,,,,,,,,,,,,,,,,,,,,,,,,,,,,,,,,,,,,,,,,,,,,,,,,,,,,,,,
1985,,,,,,,,,,,,,,,,,,,,,,,,,,,,,,,,,,,,,,,,,,,,,,,,,,,,,,,,,,,,,,,,,,,,,,,,,,,,,,,,,,,,,,,,,,,,,,,,,,,,,,,,,,,,,,,,,,,,,,,,,,,,,,,,,,,,,,,,,,,,,,,,,,,,,,,,,,,,,,,,,,,,,,,,,,,,,,,,,,,,,,,,,,,,,,,,,,,,,,,,,,,,,,,,,,,,,,,,,,,,,
1986,,,,,,,,,,,,,,,,,,,,,,,,,,,,,,,,,,,,,,,,,,,,,,,,,,,,,,,,,,,,,,,,,,,,,,,,,,,,,,,,,,,,,,,,,,,,,,,,,,,,,,,,,,,,,,,,,,,,,,,,,,,,,,,,,,,,,,,,,,,,,,,,,,,,,,,,,,,,,,,,,,,,,,,,,,,,,,,,,,,,,,,,,,,,,,,,,,,,,,,,,,,,,,,,,,,,,,,,,,,,,
1987,,,,,,,,,,,,,,,,,,,,,,,,,,,,,,,,,,,,,,,,,,,,,,,,,,,,,,,,,,,,,,,,,,,,,,,,,,,,,,,,,,,,,,,,,,,,,,,,,,,,,,,,,,,,,,,,,,,,,,,,,,,,,,,,,,,,,,,,,,,,,,,,,,,,,,,,,,,,,,,,,,,,,,,,,,,,,,,,,,,,,,,,,,,,,,,,,,,,,,,,,,,,,,,,,,,,,,,,,,,,,
1988,,,,,,,,,,,,,,,,,,,,,,,,,,,,,,,,,,,,,,,,,,,,,,,,,,,,,,,,,,,,,,,,,,,,,,,,,,,,,,,,,,,,,,,,,,,,,,,,,,,,,,,,,,,,,,,,,,,,,,,,,,,,,,,,,,,,,,,,,,,,,,,,,,,,,,,,,,,,,,,,,,,,,,,,,,,,,,,,,,,,,,,,,,,,,,,,,,,,,,,,,,,,,,,,,,,,,,,,,,,,,
1989,,,,,,,,,,,,,,,,,,,,,,,,,,,,,,,,,,,,,,,,,,,,,,,,,,,,,,,,,,,,,,,,,,,,,,,,,,,,,,,,,,,,,,,,,,,,,,,,,,,,,,,,,,,,,,,,,,,,,,,,,,,,,,,,,,,,,,,,,,,,,,,,,,,,,,,,,,,,,,,,,,,,,,,,,,,,,,,,,,,,,,,,,,,,,,,,,,,,,,,,,,,,,,,,,,,,,,,,,,,,,
1990,,5.49629027,1.68624847,,15.05581138,,,,,10.69944616,3.461786488,1.70047341,,14.26909064,11.64772191,3.784399656,,20.92872687,0.170621566,,15.55815719,,,,,5.920693483,1.217765467,,,2.01300957,15.17974405,1.627845434,7.004203345,0.089049157,,0.181448271,0.208095607,0.267599374,17.45735758,,2.403988408,2.011174958,8.621306278,1.90157212,,,,7.26095913,1.63223149,4.295908638,,,0.500254397,12.05394448,,,29.28062033,6.804838142,19.97053494,13.79976072,,16.18443231,8.742516804,,,0.297520901,,,,9.366988101,,0.746875543,0.157991358,,,,,1.835342742,,0.658291304,14.73325507,8.852351328,0.660887322,0.80462616,,3.640096614,11.34521001,,10.30824104,9.982831765,3.117310402,10.64810231,4.640050658,16.58886876,0.3523489,4.55627121,,,23.22193419,,0.186246521,,8.019027356,,,,,11.42845973,30.98406104,,,0.117935544,3.76743715,0.160854705,,,9.288380698,1.240056597,,,3.943482773,,,4.12397701,,,0.3021545,0,,0.635244641,,0.397749257,,,,7.910457119,0.058853426,6.935402355,0.087105944,,0.626428828,,1.206464737,,0.929593183,13.51996059,1.011462226,8.476401285,,5.190357164,1.079835954,24.0878474,7.152230092,11.69986416,0.071565945,,1.314292992,,,14.69521197,,,,,0.764405286,,,,,,23.60766578,13.90723404,8.292800087,,,0.368336746,,,12.79721823,,10.01484955,,,0.451592297,0.961006744,0.139059694,8.498529158,,,2.149585693,,0.332409086,,9.295406777,1.872305324,,3.96549107,,9.743932606,1.569997164,,4.736990242,0.345437115,,,0.355745166,1.778385435,1.404306905,1.548225106,,20.34113627,0.081891349,2.470443643,,,,,,,,
1991,,5.890969214,1.397300672,,14.33658269,,,,,13.516895,3.667174202,1.27489509,,14.11835944,11.74666739,2.850761322,,21.24987159,0.17733154,,15.58240805,,,,,6.404441853,1.263290228,,,1.908177988,18.0011858,1.641597991,5.13918222,0.092667813,,0.186737466,0.20816769,0.263930562,17.20525814,,2.278751315,2.049860886,8.635761225,1.818347502,,,,7.675854464,1.6151378,3.229812972,,,0.451150347,12.74405936,,,30.33340752,6.932278464,19.32701723,13.99912952,,14.86838269,8.897332281,,,0.315379124,,,,9.181962994,,0.728341121,0.155069717,,,,,2.132389346,,0.654257058,15.50995561,8.072996864,0.671047902,0.863984889,,3.693977207,11.76892866,,10.13119657,9.864860304,3.082093664,10.76016067,3.938627185,12.20314454,0.30508104,3.928575115,,,16.68928705,,0.194709531,,7.410700554,,,,,12.09034052,32.15277472,,,0.119491134,4.040751795,0.1571466,,,8.801367076,1.230870731,,,4.073136213,,,3.976588092,,,0.274887685,0.737628893,,0.612207782,,0.408253601,,,,7.754827595,0.075714904,7.038988765,0.08563755,,0.591333805,,1.227276579,,0.91693946,13.93608676,0.990132401,8.827555948,,5.426582012,1.048190839,34.42274243,5.69139991,11.79249021,0.063072418,,1.365739348,,,12.67169881,,,,,0.858458141,,,,,,23.69461838,10.85938367,7.837080868,,,0.400870526,,,12.96943385,,9.853643824,,,0.469688452,0.810736486,0.142568644,8.412440264,,,2.151055087,,0.347600317,,9.747661852,1.96140419,,3.858730614,,8.848416373,1.730351786,,4.798668698,0.335731366,,,0.372122664,1.680604251,1.300512845,1.467330209,,19.71346825,0.079393353,2.552209219,,,,,,,,
1992,,5.464558771,0.882606041,,15.05176546,,,,,14.63760644,3.831682196,1.012601569,,14.11271259,11.88017931,1.735642202,,19.79656248,0.186009787,,17.20670636,,,,,4.328159843,1.331125542,,,1.954888277,18.57787583,1.627215616,4.878964624,0.090329221,,0.190187289,0.20821725,0.271144148,17.46383059,,2.41439435,2.175841922,10.2763838,1.985227101,,,,8.830810884,1.726371255,3.791117768,,,0.4530813,13.40471752,,,29.94758134,7.452179213,15.5904286,5.221219446,,20.55916548,9.589837853,,,0.27132266,,,,9.987528616,,0.84452464,0.154986794,,,,,1.797005265,,0.715483947,16.62965019,9.178567916,0.712109498,0.978003018,,3.70792698,12.18039393,,11.42267308,10.74660341,2.920962764,11.42851307,4.407447127,7.530796201,0.341182451,3.983928944,,,20.62909986,,0.201832626,,6.908264464,,,,,13.83597726,31.14125604,,,0.116094454,4.394342481,0.15082913,,,9.324782188,1.409029429,,,4.08335781,,,4.104683491,,,0.258227599,0.777047343,,0.717591275,,0.438198282,,,,8.0155683,0.083537286,6.885157214,0.085581476,,0.633028696,,1.406367568,,1.017733948,15.70391702,1.1815949,9.084356183,,6.01781146,1.045196372,48.57615114,5.279180533,12.03814204,0.06261943,,1.464077314,,,14.37817211,,,,,0.901767694,,,,,,25.99975033,10.57492307,9.912119477,,,0.451242271,,,13.90611244,,10.83967033,,,0.470185393,0.885062926,0.135892014,10.47047421,,,2.722979777,,0.344550546,,10.89799938,2.410008929,,4.42981841,,8.51296107,1.941509298,,4.557690768,0.329515875,,,0.369974649,1.657942803,1.418591718,1.818938629,,20.16742731,0.077859623,2.788827171,,,,,,,,
1993,,5.624844799,0.809795223,,14.39956155,,,,,15.48964806,3.642393565,0.522828329,,14.02963138,11.27154542,3.103380871,,26.84630199,0.185210106,,16.19848108,,,,,3.648066253,1.371623711,,,2.184970956,18.88111888,1.655534281,5.290241519,0.088159897,,0.203007931,0.193624281,0.276868972,16.82263874,,2.539992825,2.305429181,9.172310427,1.9976406,,,,8.976568396,1.690945952,3.79734342,,,0.493209601,12.90768275,,,31.03903955,6.893283518,11.92293989,7.478100169,,16.80355978,8.827681947,,,0.297609302,,,,9.413599224,,0.770535162,0.154440111,,,,,1.57386303,,0.695053759,15.74010215,8.378021903,0.703524788,1.011770861,,3.581045271,11.43009843,,11.16612744,9.810588299,3.171087187,11.16761047,4.01733763,9.703447594,0.343484499,2.943407327,,,28.96141554,,0.202040597,,5.545136609,,,,,8.559392989,31.10938575,,,0.118017527,4.572385718,0.164742285,,,9.936813941,1.358414497,,,4.082797929,,,2.667784282,,,0.275589892,0.910033818,,0.667618208,,0.426270998,,,,7.9279366,0.089917135,7.393376412,0.091553401,,0.655343834,,1.330201852,,1.027905236,14.37687782,1.087776748,8.797364127,,5.849799587,1.128971388,54.87623472,4.928874902,11.39642173,0.061096254,,1.513805171,,,12.83016549,,,,,0.964964046,,,,,,25.3694291,9.707510101,9.195881879,,,0.44761439,,,12.56886955,,10.02802472,,,0.471002987,0.564744589,0.141048073,9.866689968,,,2.661857549,,0.358891445,,9.947340518,2.164378474,,4.03524448,,7.210506122,1.772776959,,5.103778085,0.350606356,,,0.382702426,1.554222089,1.49524455,2.028891309,,20.11417872,0.075396429,2.81473141,,,,,,,,
1994,,5.942188383,0.720279514,,14.03042249,,,,,14.75294335,3.599486626,0.528734958,,14.37360043,11.20596217,2.420466691,,23.64788101,0.20084437,,16.14843192,,,,,2.891069979,1.112894383,,,2.015305172,18.03106856,1.712491562,4.873868598,0.089757905,,0.226086598,0.19505746,0.400805924,16.82153896,,2.689175756,2.277784189,8.978570515,2.059176958,,,,9.413556015,1.968902473,3.700378427,,,0.394833174,13.19388929,,,34.0092674,6.949780718,11.26841211,7.904546875,,15.39421321,8.587218973,,,0.33532357,,,,9.332198535,,0.853894746,0.154886072,,,,,0.983850659,,0.71072827,19.70072497,7.706474124,0.722731296,1.023424313,,3.910417123,11.55987614,,11.44357622,9.524256801,3.057827486,11.72577823,4.187471921,8.489294687,0.34671649,2.365183921,,,32.87423238,,0.216994769,,5.274790961,,,,,7.6154184,28.66658541,,,0.123301956,4.442718847,0.169466449,,,9.713838912,1.361530087,,,4.142173876,,,2.535335497,,,0.264482907,0.999198562,,0.698166157,,0.743599321,,,,8.031809859,0.097794189,8.90046516,0.085560159,,0.688096285,,1.362147904,,1.132983086,14.04795655,1.106246666,8.444042324,,5.926041494,1.130868041,56.4311151,4.612010475,11.23769293,0.068638496,,1.568967316,,,12.15407707,,,,,1.0626488,,,,,,26.57178927,8.405148637,8.748956162,,,0.483484553,,,12.37687616,,9.894445553,,,0.477818871,0.281444171,0.127834945,9.853472692,,,2.732463277,,0.365585597,,8.587259959,1.908818862,,3.60475419,,5.326010813,1.684480453,,4.6647465,0.402591205,,,0.378135275,1.600050614,1.439270107,1.329323458,,20.24699407,0.060120232,2.774675917,,,,,,,,
1995,,6.158070357,0.77534037,,14.05486012,,,,,13.48763454,3.67348755,0.807516111,,14.53615034,11.71409747,2.941643967,,23.37886298,0.224061059,,16.50528301,,,,,3.337279156,1.028569767,,,1.972488297,17.603988,1.826991412,5.501075248,0.090899845,,0.236367717,0.185227786,0.425473069,16.92381581,,2.872080593,2.457859131,9.076804983,1.859502702,,,,9.951574918,1.883899043,4.096607102,,,0.517520369,13.0174853,,,32.54683261,7.222204794,10.78646039,7.866333813,,14.74106113,8.737250209,,,0.337430043,,,,9.381831178,,0.883529912,0.15601846,,,,,0.466390142,,0.766769107,20.35246151,7.381325899,0.745880397,1.032374749,,4.091707896,11.79363383,,11.85180737,9.891334336,3.464771265,11.94630778,4.135956368,7.888252659,0.384923225,2.349832132,,,32.04132135,,0.233143755,,4.938814879,,,,,7.475928457,22.41122573,,,0.122473365,4.885377522,0.175776955,,,9.794709427,1.375128162,,,3.613532806,,,2.551737219,,,0.271070605,1.008801709,,0.72703338,,0.709999971,,,,8.2572628,0.12506741,9.209029251,0.095034866,,0.666809518,,1.315321014,,1.215269519,14.19756028,1.162187092,8.368509039,,6.326726791,1.164376292,57.02003172,4.683760368,11.1009539,0.07996628,,1.89604426,,,11.98734215,,,,,1.152344345,,,,,,25.39491376,8.704004881,9.456101282,,,0.511740512,,,12.85906236,,9.759004286,,,0.435310884,0.137658246,0.135081492,10.10679017,,,2.891822971,,0.398802122,,7.768717761,1.923660834,,3.775621785,,4.29412589,1.873609076,,4.96803633,0.434023675,,,0.366392277,1.45013103,1.5579744,1.935315127,,20.21722374,0.064419331,2.973003955,,,,,,,,
1996,,5.922342286,0.925036323,,13.825324,,,,,12.93123026,3.795389134,0.845373213,,14.72112793,12.7044206,3.562918624,,23.31435814,0.227103865,,16.35891078,,,,,4.610059791,1.118536675,,,1.741470096,19.50515356,1.939247658,5.823736493,0.090120617,,0.27429697,0.201446675,0.450162368,17.07398047,,3.306301954,2.544491787,10.30068473,1.814112266,,,,10.75239145,1.801990792,4.158530568,,,0.487976933,13.89648073,,,31.66676708,6.806842693,11.67543756,8.458414277,,14.59649097,8.749781208,,,0.39550527,,,,9.164631427,,0.827403835,0.160716064,,,,,1.636852505,,0.798972651,19.40291885,6.830081138,0.781438703,1.138329863,,4.282739393,13.88460677,,11.93118425,9.324403799,2.877341097,11.86609734,3.258289366,7.110117926,0.343405658,1.88506156,,,26.33254624,,0.239218987,,5.625369187,,,,,6.11425725,22.23149936,,,0.09971745,4.86216115,0.197031617,,,10.01611861,1.244056606,,,3.72049915,,,3.175305564,,,0.17820769,1.041412889,,0.711725211,,0.80012756,,,,8.598436297,0.123709789,8.702563578,0.080947513,,0.721851839,,1.51035176,,1.1173993,13.96252408,1.125359573,8.571524252,,6.028314835,1.119900412,57.66034028,4.53231304,11.56147293,0.069099741,,2.038125316,,,11.8903506,,,,,1.053243496,,,,,,27.88192896,9.012335841,9.173156535,,,0.555928321,,,15.31010337,,10.34890013,,,0.525350874,0.68712307,0.123908451,9.320632123,,,3.034164998,,0.378889863,,9.889115098,1.823170441,,3.495700204,,5.691915646,2.26452776,,4.261449195,0.508568465,,,0.351762898,1.47885553,1.54856094,1.968948184,,20.59297599,0.066740639,3.405251155,,,,,,,,
1997,,6.152408186,0.684447551,,13.2408744,,,,,10.73395292,4.010093709,1.246798789,,14.97567931,11.95387075,3.208550535,,21.68597533,0.238696204,,16.80642553,,,,,4.353824718,1.344373582,,,1.72865229,14.13342273,2.032162515,5.609447136,0.095527786,,0.298855837,0.19425155,0.434948804,17.98009768,,3.714925139,2.471008904,9.176563922,1.938440005,,,,10.8353388,1.893474952,4.447387205,,,0.448072841,12.77288625,,,29.27702696,6.910728085,11.22244968,7.962609321,,14.30480844,8.465805545,,,0.473619502,,,,9.213938813,,0.933731705,0.164443695,,,,,1.498675009,,0.876562797,21.33500465,6.793759029,0.802199081,1.206755632,,4.289286393,13.51947035,,12.10849265,9.399495484,3.108431698,11.64207696,3.720098486,6.795718347,0.330764796,1.12333609,,,27.92738784,,0.23170395,,5.464690367,,,,,5.874481988,20.42680522,,,0.121118597,5.274227549,0.189399885,,,9.321595828,1.17859112,,,4.044755157,,,2.550749001,,,0.113874315,1.07326655,,0.772269066,,0.790265987,,,,8.962586457,0.131719432,8.585101096,0.08434911,,0.692074685,,1.524473902,,1.2107825,13.52075396,1.214029317,8.391194633,,6.992503565,1.229581131,63.45599547,4.051950837,11.51145443,0.062938159,,2.166666912,,,11.55164819,,,,,1.237848383,,,,,,29.75776256,8.809990031,9.454284491,,,0.558817891,,,13.59801428,,9.792856819,,,0.472427948,0.507873951,0.134078546,10.09728855,,,2.846596805,,0.298309218,,10.50341723,1.798482268,,3.669478545,,5.519702437,2.46564865,,5.036223236,0.599448296,,,0.446110851,1.316499919,1.688701366,1.653934596,,20.72267157,0.071908374,3.345050948,,,,,,,,
1998,,5.875986317,0.784889432,,13.25287675,,,,,11.10900043,4.076491184,1.244726975,,15.89609684,12.35530404,3.760159063,,23.82510216,0.234422112,,17.73514512,,,,,6.897159981,1.313454153,,,2.018241238,16.97756066,2.041364594,5.584226794,0.153244384,,0.304365781,0.238442166,0.425817028,17.94165776,,3.733044151,2.373899495,10.87934314,1.903645158,,,,7.802040633,2.117955598,4.397789496,,,0.548414496,12.38390245,,,31.7510347,7.226664191,12.07861406,7.147486298,,13.88347514,8.771411547,,,0.441139664,,,,9.819438319,,1.076892484,0.170533916,,,,,1.667778785,,0.989452864,17.69718779,6.934063817,0.802523744,0.739787546,,4.85146401,13.36157907,,12.10458328,9.567070138,3.858661545,10.86374389,3.737199403,7.325147952,0.446663466,2.250867493,,,29.88199241,,0.238711382,,5.459285224,,,,,6.067150274,18.07169467,,,0.145105867,3.637915096,0.180685577,,,12.12995213,1.25795985,,,4.234598514,,,2.660210515,,,0.164047037,1.074395447,,0.841623527,,0.738814043,,,,8.270718133,0.173389154,8.869395327,0.112394109,,0.667256656,,1.860093852,,1.16127942,13.76269081,1.072602265,7.731432447,,7.95287352,1.238047881,54.42403317,3.97951974,11.87955246,0.060839115,,2.345122496,,,11.15120443,,,,,1.383175055,,,,,,24.93667707,9.035536794,9.561887441,,,0.597253416,,,16.44670305,,9.947836772,,,0.468097806,0.618129046,0.128732786,9.952129429,,,2.107342177,,0.403464503,,11.53850225,1.763370778,,3.647007744,,4.909068439,2.604451612,,5.455198579,0.612986725,,,0.410875301,1.173742012,1.895952709,2.023985358,,21.05447358,0.081729278,3.1311094,,,,,,,,
1999,,6.324012021,1.180951669,,13.36535267,,,,,9.207183743,4.087923861,1.615362302,,15.78561804,12.12947406,3.323022832,,13.85355127,0.238927396,,18.38952018,,,,,6.587682934,1.351929103,,,1.867154422,13.49722515,1.920306886,5.107567094,0.202634851,,0.295584252,0.229170403,0.351425913,17.81944263,,3.944332026,2.527087311,9.058930872,1.456323751,,,,9.382500735,2.464788552,4.783176186,,,0.392857069,13.05682449,,,25.79427763,7.786714851,14.09371442,6.86372059,,14.3673854,8.796337235,,,0.500365259,,,,9.419246849,,1.053927316,0.175243798,,,,,1.392171716,,1.04026869,15.97292368,7.026314884,0.880211776,1.172521436,,5.034898548,14.90497625,,10.65841876,9.848055674,3.724418599,11.57085355,3.499048129,6.405654599,0.374501975,1.193483546,,,23.57865312,,0.229285985,,5.081498926,,,,,5.474079953,20.15959045,,,0.161046248,4.184480471,0.172508437,,,10.60979891,1.356674027,,,4.252733773,,,2.725852465,,,0.227605511,0.978700169,,0.890417551,,0.528746408,,,,8.91807839,0.259999138,8.306538096,0.114329299,,0.71538585,,1.972668461,,1.165532007,9.303381562,1.122619682,8.059229686,,9.57724675,1.271285851,29.64037293,3.607004617,11.60426974,0.062752299,,2.407062152,,,10.76630084,,,,,1.334655221,,,,,,26.11032298,8.432186834,9.125185462,,,0.75454686,,,14.90580351,,9.297960555,,,0.474618307,0.545951129,0.131359103,10.27282503,,,2.376007386,,0.388377756,,10.41955054,1.962246478,,3.626871401,,4.822794527,3.065511871,,4.125299996,0.560656916,,,0.338480349,1.196693129,1.92064881,1.745135331,,21.45371797,0.077610447,3.176255773,,,,,,,,
2000,,6.115704467,1.282298263,,13.28997931,,,,,9.766616746,3.832609484,1.344190968,,15.29467167,11.49509115,2.913909403,,15.5385822,0.197460663,,18.56060344,,,,,4.103940893,1.01129383,,,1.900827164,10.4142834,1.991808668,5.257189982,0.109586154,,0.342282385,0.399485396,0.412196352,18.92132378,,3.886189495,2.580820744,8.124234764,1.390167342,,,,10.37220377,2.006436984,4.756867968,,,0.417389151,12.29025279,,,28.29171874,8.237216504,14.54229685,6.784704909,,15.27913575,8.851224587,,,0.40608676,,,,9.479322953,,1.958751502,0.157671249,,,,,1.43665953,,0.593640266,12.49709747,7.16106706,0.864315491,1.12139013,,4.433600359,14.45697077,,11.22621735,10.06472465,2.530544119,12.20354087,3.507078673,6.764038376,0.387934424,1.253449214,,,17.20336079,,0.453298957,,6.142618901,,,,,5.618177611,19.226496,,,0.166960289,4.872293273,0.072368153,,,11.50892258,1.346737448,,,4.510959163,,,2.876156834,,,0.244736403,0.908890515,,0.863538609,,0.405444002,,,,8.318751547,0.109460697,8.858557502,0.118518626,,0.704940426,,1.598677563,,1.06114209,8.189061858,1.160593412,7.792310968,,10.77643242,1.179251981,26.76034969,4.108978536,12.60525672,0.085085196,,1.433005444,,,11.77562432,,,,,1.391679961,,,,,,30.4741314,8.60646606,9.624413974,,,0.988865207,,,12.45885059,,9.688590169,,,0.515493822,0.868723376,0.143728022,12.65937848,,,2.399588575,,0.182568612,,7.646282136,1.431057089,,3.948343398,,4.540190514,2.432398282,,2.985701209,0.463867978,,,0.377954565,1.012355556,1.925819808,1.569721539,,22.14084885,0.056775981,3.795859959,,,,,,,,
2001,,5.776643068,1.423510565,,13.25548091,,,,,10.57477365,3.483830909,1.424197441,,15.56450407,12.01552162,3.044847859,,15.62326688,0.22312062,,18.38449044,,,,,3.852396319,1.014271073,,,1.809265975,10.04877505,1.925768911,5.67209634,0.129733112,,0.429282085,0.451241154,0.446568581,18.04126942,,3.45305823,2.638826786,8.160608605,1.390199653,,,,10.32124864,1.998804901,5.432684552,,,0.380546356,12.38931582,,,28.15084717,8.212874193,13.64363704,7.607690826,,15.66734169,8.792679907,,,0.42820267,,,,9.626449421,,0.730640208,0.149993186,,,,,1.390282643,,0.612223618,11.37780227,7.52549014,0.855271902,1.227315688,,4.713660327,14.82327845,,11.26333805,9.868619512,2.73138811,11.89733839,3.825298113,7.619915472,0.383703408,0.947255454,,,19.92946637,,0.465350788,,5.814392631,,,,,5.656515948,19.51864023,,,0.156580039,4.998492727,0.062818631,,,12.01936586,1.435826503,,,4.531041059,,,3.029643683,,,0.265944544,1.16574966,,0.883074987,,0.566884518,,,,8.642117823,0.159588422,9.160833183,0.114899756,,0.694543265,,1.690414711,,1.050303547,7.982011354,1.137813053,7.642134718,,10.95277501,1.069546449,30.79838723,4.417859956,12.26383104,0.060169449,,3.937102609,,,11.93001049,,,,,1.388822322,,,,,,26.0376669,9.000687442,10.16193297,,,1.01431401,,,14.85355953,,9.001963414,,,0.518573757,0.853902675,0.155235986,11.50894467,,,2.479986926,,0.149760195,,9.120126225,1.43368921,,3.116112059,,5.308897531,2.281865857,,3.327625582,0.521674514,,,0.391465276,0.956017214,1.666000016,1.913733199,,21.63806261,0.064162106,3.61846186,,,,,,,,
2002,,5.331951897,1.640056461,,12.61344393,,,,,10.72514472,2.169342464,1.426424226,,16.34035475,11.77780594,3.598655395,,16.76132264,0.229285373,,18.75071459,,,,,3.874415069,1.212796959,,,2.419880454,9.841047824,1.837909423,5.436292526,0.123224102,,0.44218191,0.561624273,0.479620722,18.60363948,,3.590815221,2.850088887,8.511047716,1.375993257,,,,11.10224606,2.556260905,5.849737266,,,0.298480589,12.37124902,,,26.56936335,8.668739831,14.36566515,7.685459542,,15.68929792,8.612181345,,,0.39946381,,,,9.879263202,,0.757820108,0.151799007,,,,,1.325395309,,0.617073614,11.04542122,7.384798847,0.854024187,1.252450695,,4.49515609,14.93370496,,10.71369972,10.08494547,2.717640976,11.79154961,3.906620223,8.116800334,0.309534923,1.122359842,,,22.22589632,,0.476141975,,5.833258818,,,,,5.511833868,22.03053062,,,0.118290019,5.122434782,0.070948292,,,12.49496539,1.476877697,,,4.491247621,,,3.123325144,,,0.251891607,0.921777578,,0.868319983,,0.553107164,,,,8.696256683,0.145163199,9.737529325,0.115760015,,0.743547794,,1.542234996,,0.996063189,8.215187855,1.106497719,7.371003995,,10.95181113,1.096570148,33.53206597,4.432099114,12.35545067,0.057994775,,3.276869703,,,12.20303042,,,,,1.376995729,,,,,,26.1794812,8.52700343,9.845208636,,,1.112031072,,,13.43301981,,9.188269072,,,0.513851851,1.054212516,0.162966288,11.6855268,,,2.706094959,,0.216243829,,11.05289592,1.480757806,,3.377551383,,5.23485678,1.923004221,,3.206408261,0.585363951,,,0.386114054,1.013380122,1.638345765,2.050233467,,21.82996462,0.054218738,3.660293751,,,,,,,,
2003,,5.802492963,1.91752902,,13.06937912,,,,,13.74911251,2.944399319,1.283906952,,16.99204614,12.42739009,4.011381273,,12.19431652,0.252210194,,19.87780881,,,,,4.034014718,1.125104859,,,1.421945707,15.19750314,1.774385266,5.861067156,0.130216657,,0.487569994,0.492363371,0.394537812,18.25040916,,3.400675902,3.163751152,8.574099065,1.407312594,,,,11.41687403,2.202401274,5.677003115,,,0.354970187,12.52955004,,,32.97038923,8.502462807,15.09841974,8.014375047,,17.1586397,8.727856505,,,0.44990711,,,,8.766915438,,0.72469648,0.312838639,,,,,1.453124514,,0.737446231,12.04397268,8.034008884,0.885385368,1.418540561,,5.364278046,18.25069057,,11.90015987,10.29947057,2.7612695,11.96468595,3.707425173,8.079868133,0.281152181,1.029916452,,,24.74734785,,0.351920746,,6.361388145,,,,,6.527009014,25.53290012,,,0.160305253,5.091337866,0.081470289,,,10.93854059,1.340653991,,,4.425964236,,,3.293722039,,,0.2681329,0.953678687,,0.94064281,,0.627826209,,9.248883995,,9.370535538,0.098991905,14.05333937,0.104076171,,0.721389591,,-0.120464243,,1.064586138,11.33483209,1.100672503,7.371388255,,10.71829589,1.029614774,31.23062022,4.541019826,12.49789123,0.058292538,,2.861269447,,,11.79759482,,,,,1.399487527,,,,,,24.01282127,8.181377708,9.52181324,,,0.913258852,,,13.01071149,,9.814912806,,,0.57527411,0.817580598,0.16617329,11.88278705,,,2.754422421,,0.227762363,,12.41211985,1.534962729,,3.684361422,,4.980390665,1.866834713,,4.119749458,0.737200268,,,0.361377538,0.948895595,1.813282995,2.169430932,,22.28829038,0.05565074,3.810229084,,,,,,,,
2004,,6.649333304,1.804858713,,12.8495232,,,,,15.11284345,3.448736806,1.380545349,,17.29978074,12.79919503,4.707460025,,9.877365316,0.265673846,,20.91351292,,,,,4.177920324,1.075770384,,,1.428068109,14.78662047,1.821070158,5.829479706,0.127443324,,0.445002973,0.595880372,0.368061764,18.29260695,,3.567693926,3.328106789,9.105178839,1.369586366,,,,11.58912559,2.249835403,5.825311983,,,0.404833608,12.97754297,,,33.20251549,8.978393826,15.27882978,8.209190519,,16.32452147,9.02276316,,,0.431836404,,,,8.451599721,,0.737159866,0.188850869,,,,,1.865094288,,0.758430356,11.89784902,7.871361147,0.918381437,1.425957792,,5.645151318,16.57228728,,11.60724113,10.51397771,2.548513076,12.01192237,3.977479668,8.406857836,0.288949971,1.293059817,,,24.69471521,,0.408674021,,6.159996077,,,,,6.311913986,28.63771003,,,0.156733079,5.297374632,0.067512441,,,10.52598105,1.518802988,,,4.551782187,,,3.349791505,,,0.261586904,1.082599518,,0.958723766,,0.627429641,,9.781552811,,9.552117908,0.16601699,10.78236672,0.109455935,,0.829843218,,-0.093648127,,1.094801567,11.76688615,1.111849409,7.531577979,,10.5601169,1.110557784,29.62684927,4.637670798,12.61825922,0.063122074,,2.643012754,,,11.25017165,,,,,1.322855597,,,,,,28.02397246,8.583607864,9.594976166,,,1.027314378,,,13.44087121,,9.712477301,,,0.582332923,0.800696465,0.17945887,13.57404555,,,3.012841633,,0.20509529,,12.05299551,1.519661686,,4.104679386,,4.790105937,2.254178812,,3.664375167,0.833137866,,,0.370976507,0.801002822,1.721074857,2.296419257,,22.50836879,0.054705762,4.078440154,,,,,,,,
2005,,6.104196558,1.923278576,,12.93880986,,,,,14.64297946,3.601499761,1.894595973,,17.06174844,12.98350049,4.064560617,,9.584098829,0.27601863,,21.5222757,,,,,4.328987859,1.137651551,,,1.399720098,13.86682374,1.873238191,6.2204255,0.120970354,,0.461149439,0.700490081,0.363203351,18.86401119,,3.777905723,3.615888248,9.319500666,1.504779382,,,,12.15049464,2.202050239,5.835273466,,,0.40393849,12.30416645,,,33.83705603,9.415535735,14.28156987,8.335305226,,15.40366114,9.115519416,,,0.456541866,,,,8.428554306,,0.77391639,0.191179235,,,,,2.220170646,,0.708073235,12.70490137,7.757512887,0.956104093,1.434350182,,5.727229176,17.67541425,,11.04124678,10.61761541,2.603943497,12.0632866,4.317945442,9.080029902,0.325407939,1.423423403,,,29.4728512,,0.394654338,,6.008175869,,,,,6.365878146,31.02826657,,,0.158656496,5.296083065,0.06164093,,,8.032754115,1.550941509,,,4.688221158,,,3.409234328,,,0.275279235,1.212462396,,0.943337077,,0.675122162,,9.540023129,,10.10443089,0.17566219,10.58288989,0.127496781,,0.837460819,,-0.530722945,,1.055035369,13.3119942,1.09154574,7.504291992,,12.23147839,1.170138472,31.49662429,4.759574411,12.37767299,0.055549899,,3.544857873,,,10.73652595,,,,,1.364781344,,,,,,29.82272167,7.977003267,9.472669792,,,1.034199379,,,14.60840675,,10.09813806,,,0.618376595,0.92903237,0.224931829,13.2908902,,,3.186758827,,0.215246279,,11.0186805,1.49901659,,4.423026862,,5.351848895,2.283262475,,3.609155798,0.881777155,,,0.349766145,0.894169395,1.890667264,2.394006628,,22.64560381,0.052545542,3.584203464,,,,,,,,
2006,,6.737602925,1.911808235,,12.92061845,,,,,15.73075858,3.823868829,1.693878643,,17.40125949,13.3355661,4.220485013,,9.094513693,0.291657021,,21.37153305,,,,,4.750108864,1.150307833,,,1.203709849,16.36338276,1.902526758,6.567700691,0.129209886,,0.68161984,0.770349477,0.351782032,17.7039793,,3.941418739,3.911331384,9.382265941,1.603510259,,,,12.64562659,2.41504902,6.406409873,,,0.41512717,13.31442117,,,35.03939821,9.375915281,15.73769834,8.665277197,,17.04664286,9.043268004,,,0.555492877,,,,8.65201651,,0.834794294,0.190844665,,,,,2.291231503,,0.824678511,12.54693026,7.834364764,1.005762763,1.421791882,,6.131484252,17.07820854,,11.88599016,10.95331444,2.812771875,11.84198466,4.025562797,10.2576493,0.359317782,1.651315996,,,27.07665072,,0.505180025,,6.905626493,,,,,6.982177186,31.55667607,,,0.144462884,5.228369259,0.06674718,,,9.365583893,1.606855144,,,4.754752201,,,3.710035711,,,0.290842266,1.157731111,,1.024917488,,0.518162006,,10.68576922,,9.533638694,0.162819289,13.8420377,0.141082542,,0.884403966,,-0.080428716,,1.077299028,14.15799786,0.951378319,8.233471508,,10.88331533,1.139537406,31.12377593,5.048949035,12.35743055,0.055179758,,3.591931986,,,11.20394689,,,,,1.514822595,,,,,,31.49325444,8.414305865,10.4021216,,,1.047622566,,,15.7465475,,10.17709608,,,0.523750094,1.033607622,0.216007316,13.4314114,,,3.13226007,,0.634141608,,9.628235212,1.534307341,,4.708306377,,5.715423726,2.502647277,,3.566091475,0.909811344,,,0.384277179,0.913215939,1.967166677,2.429334843,,22.3745067,0.056562186,3.844818848,,,,,,,,
2007,,6.804423562,2.01140156,,12.7831392,,,,,14.88443893,3.915028223,3.366437081,,17.65754103,12.71591742,3.471983894,,10.92162471,0.293710242,,22.04634692,,,,,5.02283435,1.181033929,,,1.385222095,18.66940552,2.059301952,7.004243406,0.152523461,,0.732860217,0.790810447,0.40809526,18.20524447,,4.271815809,4.197523263,10.01310211,1.653524631,,,,13.13959152,2.701159612,6.733670304,,,0.414705036,12.79937194,,,32.27872242,9.468016267,15.8391853,9.178685545,,16.78268471,8.97436165,,,0.568724397,,,,8.751662197,,0.797679367,0.194813452,,,,,2.601299895,,0.856184306,12.34053317,8.179314128,1.090479055,1.570896227,,6.802527089,16.70618652,,11.74695983,10.66491135,2.799289655,11.89986665,4.005912142,10.88055231,0.374795004,1.81601982,,,27.09029033,,0.530394872,,8.151180141,,,,,7.459316016,24.7484725,,,0.145882365,5.506772254,0.062601039,,,11.53389746,1.736379382,,,4.63124775,,,4.704174747,,,0.334963729,1.27417857,,1.092688606,,0.561920133,,11.67888326,,9.521344813,0.179290329,15.64493226,0.152727976,,0.935906271,,0.164377462,,1.215531976,12.15836613,1.00950547,8.439270114,,10.93160215,1.383844911,30.18971615,5.437593972,12.23938991,0.058105664,,2.991563895,,,11.77969765,,,,,1.508455062,,,,,,28.43157227,9.055994907,11.29278989,,,0.967226141,,,14.2566519,,10.02213815,,,0.579762707,0.735254941,0.220646523,12.65068013,,,3.182622038,,0.217096646,,13.91107122,1.548297582,,5.156469873,,6.326501626,2.634791091,,3.837334343,0.949473167,,,0.458576562,0.886120216,2.09963408,2.690341279,,21.92395481,0.058880788,3.746466192,,,,,,,,
2008,,6.726882978,2.218729683,,12.81841882,,,,,15.95938573,4.289998286,2.189566943,,17.08178508,12.47078071,3.774271931,,12.03231794,0.307393721,,21.86548987,,,,,5.323235211,1.221981312,,,1.663063189,19.99958395,2.300079258,7.177931528,0.15302757,,0.84629498,0.904812202,0.411911734,17.5471072,,4.827871648,4.48771999,10.82507163,1.751620489,,,,13.21389992,2.800782155,7.667063298,,,0.406407702,12.43725184,,,31.51373971,8.55817769,13.08598059,9.341210682,,15.56880311,8.812211738,,,0.571427702,,,,8.797084748,,0.718683445,0.19931931,,,,,2.401604455,,1.720054748,12.06749366,8.321386421,1.144597216,1.544502141,,7.034103884,14.70427581,,12.87722337,10.38558409,2.589426095,11.71972471,4.329360746,9.81477067,0.385973423,3.043561632,,,26.99867594,,0.618120261,,7.550460098,,,,,7.005289082,32.47577435,,,0.204717856,5.91839026,0.067035902,,,14.34587725,1.89590059,,,4.647237769,,,4.966082448,,,0.377925576,1.637093388,,0.993205742,,0.605805761,,10.64159824,,9.496908507,0.228450419,16.7286049,0.156873866,,0.908877659,,0.024157749,,1.446357119,13.45509961,1.091889975,8.547070803,,10.872246,1.591550565,26.7629409,5.627578831,11.59821594,0.056688839,,2.853601637,,,11.97107543,,,,,1.460111313,,,,,,38.71352566,9.661876054,11.49027572,,,1.014623988,,,13.97268603,,9.762851259,,,0.603119921,0.881573901,0.270481943,12.35068856,,,3.302156767,,0.202812961,,13.34510336,1.565346926,,4.914383513,,6.495729962,3.324784496,,3.811864988,1.071326586,,,0.505525339,0.826550852,2.181560897,2.458584472,,20.65148222,0.063279791,4.172741839,,,,,,,,
2009,,6.70719709,2.35990556,,11.98129992,,,,,17.56568129,3.875901827,1.986879853,,18.19151307,11.42542762,3.509452359,,14.48044136,0.332210209,,18.56927038,,,,,5.783161374,1.24960739,,,1.875844621,16.51272959,2.127200359,5.89786024,0.188491748,,0.705738906,0.777733979,0.50382328,17.09135913,,3.838970117,5.019016607,7.852208963,1.782749198,,,,11.83233258,2.284288822,5.84685986,,,0.345728904,11.26467759,,,25.56535735,7.454654064,10.53574533,8.988657826,,13.07932566,8.134245281,,,0.473805169,,,,9.622390529,,0.705548076,0.326633519,,,,,1.981946462,,0.84204974,10.13830952,6.921232275,1.246417738,1.639564156,,7.018260979,11.77883333,,11.17165528,9.482709194,2.022846744,10.88267242,4.471562761,9.380273057,0.423110002,2.415662111,,,27.4875427,,0.781276836,,5.653904852,,,,,6.680188739,18.94739168,,,0.165875112,5.567638806,0.063287244,,,11.2368231,1.783756808,,,4.414322602,,,5.041562403,,,0.380742945,1.399474544,,0.95712104,,0.566738213,,10.59179794,,8.273563371,0.135890333,16.30476246,0.173169806,,0.879621638,,0.314524338,,1.245402515,11.70814373,0.999919836,8.049487898,,9.019630466,1.579250755,29.30339806,4.510391171,10.04494004,0.054812268,,5.744843446,,,10.95466972,,,,,1.294476545,,,,,,20.46015889,9.057574738,9.467935224,,,0.932602048,,,13.42026956,,8.310511532,,,0.515480529,0.783011961,0.226043386,10.54590068,,,3.285885465,,0.316427407,,17.67988804,1.756251377,,4.499330217,,5.476773402,3.043219276,,4.59854549,1.161333319,,,0.402167368,0.76126535,2.328304359,2.521331479,,18.72389225,0.064635608,3.791797279,,,,,,,,
2010,,6.510099726,2.270406491,,12.53251856,,,,,18.51655157,4.180929094,1.796834191,,17.93176745,12.09089651,3.28675285,,14.99021543,0.356931016,,19.86638655,,,,,6.346016879,1.275971387,,,4.819081841,16.57151947,2.468969077,5.932202385,0.194560412,,0.761541483,1.021545397,0.484655526,17.84634006,,4.352063924,5.44216702,7.64539881,1.901735867,,,,13.33460635,2.399501369,5.523954364,,,0.383233139,11.23399321,,,24.56996304,7.047025245,12.9479886,9.508330689,,15.41050228,8.060481867,,,0.549773391,,,,8.360015781,,0.710005782,0.420233113,,,,,2.083229624,,0.791723233,11.20435958,7.214895625,1.271572369,1.826287965,,6.477719628,11.10031086,,11.68631272,10.08763432,2.036105251,11.28387523,3.933730356,8.352944523,0.406723414,2.071256036,,,26.70183287,,0.356769076,,6.356083425,,,,,6.586675646,21.2491372,,,0.147429579,6.214933903,0.061518144,,,14.13356258,1.827052107,,,4.456695987,,,5.431301156,,,0.357289545,3.38031631,,0.913651474,,0.631517852,,11.27532113,,8.356667153,0.16318278,15.74703478,0.18551266,,0.854328913,,0.325337915,,1.512737984,13.36305209,1.077267064,8.542427767,,9.051923893,1.801452994,25.72342988,4.561319772,10.72157237,0.059548759,,7.330308503,,,11.52776813,,,,,1.291929355,,,,,,21.05558342,9.487449467,9.696994148,,,1.067950704,,,12.88119364,,9.185812125,,,0.589132379,1.029589024,0.251307195,12.61534692,,,3.61921386,,0.300447895,,17.63672307,1.884046012,,4.823293066,,5.43731347,2.96544436,,4.849754251,1.252453181,,,0.375331186,0.721453677,2.318392043,2.672775797,,19.15883474,0.056330395,3.808529373,,,,,,,,
2011,,6.411551899,2.462030976,,12.03336835,,,,,17.55149631,4.570539928,1.800936573,,17.64331083,12.28312995,3.466807508,,10.38061113,0.355191019,,20.0981257,,,,,5.257422467,1.400582479,,,5.905005396,21.90253695,2.62032802,6.232240463,0.170725747,,0.92300527,1.432761409,0.452856253,17.4770626,,4.944527269,5.99800752,7.27299085,1.941973916,,,,13.7339328,2.615511442,5.338245276,,,0.365103715,10.74102011,,,26.06889281,6.870519507,14.71619198,9.938368094,,13.13038611,7.992732106,,,0.668565956,,,,7.520515051,,0.644994797,0.444607527,,,,,2.657744196,,0.795952081,13.56923495,6.953179591,1.295951207,2.04409761,,6.492744434,10.58265803,,11.77629435,9.688812599,2.14345876,11.92435676,4.209533641,7.478590022,0.451430397,2.318861827,,,24.19454009,,0.347176819,,6.48640763,,,,,7.621012724,23.49586844,,,0.169065388,6.573599428,0.065005539,,,19.25698407,1.914517271,,,4.771074946,,,8.492757489,,,0.455724248,3.300317961,,0.922364512,,0.627662573,,10.29465469,,8.420574039,0.177159441,15.20108392,0.197589854,,0.850309022,,0.060008014,,1.702002707,12.63679034,1.134456795,8.428637,,5.969099728,1.858583301,19.26480361,4.743632446,9.626175068,0.066867216,,5.22951084,,,11.03068973,,,,,1.362770799,,,,,,40.47990436,9.092635507,10.35438715,,,1.421848773,,,13.11775201,,8.908201502,,,0.714638533,0.98238636,0.321184291,13.10097955,,,3.687058749,,0.281270152,,13.12023774,1.720004699,,5.205586324,,5.904121822,3.501716574,,4.124389752,1.303933802,,,0.471785206,0.801203152,2.389877477,2.824180875,,18.52787067,0.060171255,3.880936313,,,,,,,,
2012,,6.671946182,2.365886371,,11.26234762,,,,,18.79764748,4.523141902,2.236430495,,17.66024239,11.81921594,3.772780904,,10.08654309,0.398087591,,18.96103385,,,,,6.5657157,1.536382736,,,5.481687486,22.25908311,2.768382578,5.858090921,0.191857626,,0.723471497,1.369736465,0.469992322,16.63325058,,5.150702313,6.219191702,7.022833309,2.063462486,,,,13.21719899,2.568449516,5.424283665,,,0.509919897,9.442472262,,,26.70562353,6.318953329,13.31249688,10.24591963,,12.52358068,7.612096421,,,0.829718064,,,,6.865533192,,0.63666084,0.422442313,,,,,2.885087515,,0.794154748,14.90876493,6.215522136,1.405437166,2.148271962,,7.159131334,10.28473782,,11.6646422,8.781570471,2.038323556,12.38678465,4.731093755,7.564896733,0.460835416,3.2126173,,,23.55432631,,0.400703478,,6.482648337,,,,,6.940494055,22.6832647,,,0.176816057,7.074093064,0.068980341,,,18.45119991,1.923554057,,,4.792531153,,,13.13424647,,,0.400671997,4.150230453,,0.943652936,,0.459851662,,9.532728864,,8.792018836,0.18539961,15.27226517,0.174736628,,0.846557064,,-0.58691904,,1.573559567,11.24724677,1.203925436,8.402805332,,4.948676527,1.95273286,23.37578582,4.562057987,9.910048825,0.076595426,,5.746912385,,,10.54356528,,,,,1.287165721,,,,,,45.10107313,8.01919589,9.129515781,,,1.40229309,,,18.58405065,,8.123106488,,,0.761323091,0.832250136,0.341931803,12.08901605,,,3.778434766,,0.308331535,,11.21305782,1.829192717,,5.277460356,,6.010215427,3.793561393,,3.001819519,1.235312004,,,0.489275506,0.895801243,2.425129199,2.747217865,,17.84041318,0.078877703,3.930412921,,,,,,,,
2013,,6.458827638,2.278063078,,11.36276793,,,,,18.06262006,4.681014457,2.084004708,,16.45092966,11.1896885,3.797595668,,10.04578841,0.41375409,,18.90659651,,,,,6.848381155,1.596038628,,,5.435403229,20.7965956,2.931009919,5.147361108,0.206249481,,0.748171695,1.546992693,0.445784998,16.46548847,,5.161307087,6.340006429,5.547624271,2.189380018,,,,13.11325197,2.533780928,5.460941587,,,0.556346562,9.308074025,,,27.6075553,5.923382211,13.02840251,9.952204016,,12.23288579,7.376537021,,,0.739449902,,,,5.855886272,,0.695865603,0.185872463,,,,,2.764483998,,1.953149194,16.68497828,6.113896626,1.379134289,2.022641173,,6.588278902,10.16703161,,10.31708849,8.145687769,2.165171544,11.98759319,4.597187144,8.881251019,0.518742389,2.988027051,,,21.10736873,,0.506821809,,6.272403551,,,,,6.968884703,21.36406993,,,0.200770957,7.913284462,0.063969697,,,14.81675333,1.882623077,,,4.791874096,,,15.27735064,,,0.5322249,4.512295249,,0.940634662,,0.667059956,,9.535872055,,8.828407754,0.215269001,14.90166847,0.171919088,,0.806024959,,-0.337689674,,1.637640676,11.20963148,1.289899318,8.056711373,,4.762170512,1.913534588,22.98132008,3.946020406,9.570211776,0.069422187,,4.723211491,,,10.35740752,,,,,1.273756224,,,,,,46.75628485,7.989988068,8.715801298,,,1.422527309,,,17.37244366,,7.690001339,,,0.724221412,1.47024375,0.397996956,12.37754676,,,3.833194292,,0.210815047,,10.95126148,1.829369952,,5.042641428,,6.033231128,3.668778355,,3.572720188,1.276356329,,,0.498025071,0.897965405,2.286698704,2.899130693,,17.9657206,0.085605956,3.962683555,,,,,,,,
2014,,6.351924941,2.257513777,,11.0525884,,,,,18.27828766,4.32428233,2.012989934,,16.17224578,11.14676624,3.834331772,,10.99437586,0.672142388,,18.95664767,,,,,6.499617949,1.795248084,,,6.007319136,20.85101379,3.01002877,5.278018964,0.206446484,,0.720792505,1.444754743,0.477080627,15.76523881,,4.721557645,6.35767224,5.99569242,2.354827216,,,,13.30299316,2.488724865,4.463521237,,,0.577781228,9.021470616,,,27.38495268,6.049258929,13.15736623,9.670041398,,11.25437614,6.833972519,,,0.744571338,,,,5.526997269,,0.725537014,0.182002433,,,,,2.998435445,,0.801262423,15.35924772,5.853929828,1.496814095,1.988908697,,6.957833498,10.23565354,,10.38018801,7.816196701,2.168614383,11.30955856,4.086693664,8.836798922,0.606752556,3.07900173,,,20.1495168,,0.526372893,,5.902620486,,,,,7.099004416,20.3487337,,,0.202589398,7.797965129,0.057580529,,,17.02531802,1.849141117,,,4.663894262,,,10.05083672,,,0.696524681,5.150554993,,1.034326803,,0.677637233,,9.345527366,,8.645262334,0.253028664,14.860472,0.179670386,,0.831636716,,0.043687077,,1.654598856,10.02973856,1.333753091,7.813164172,,4.70416507,2.031425827,25.57651622,4.080774617,9.167416665,0.080806963,,3.535663626,,,9.763470861,,,,,1.281563198,,,,,,33.13744435,7.306503525,8.461398697,,,1.510556508,,,16.72250794,,7.510493964,,,0.817190287,2.407742266,0.38739887,12.42308202,,,3.615422965,,0.219760679,,14.16974745,1.948359552,,5.095249489,,4.924692803,3.350864561,,4.96480042,1.456639073,,,0.548094641,0.919986088,2.512983155,3.086026978,,18.11876744,0.10303893,4.141356058,,,,,,,,
2015,,5.99229329,2.051565995,,10.9051361,,,,,19.93753681,4.621101778,2.046102352,,16.00897237,10.31168234,3.773759363,,13.21800517,0.48511373,,18.47075065,,,,,6.183281895,1.836063475,,,5.54097722,17.87574418,2.670955185,5.551237589,0.241446491,,0.714703658,1.71524959,0.485767695,15.05222779,,4.852020053,6.35739312,5.619567415,2.346458791,,,,13.07356861,2.462350176,5.048092573,,,0.558136397,8.650786326,,,27.85741994,6.065064843,13.66828002,9.141949455,,10.06248607,6.619802996,,,0.762063887,,,,5.205243702,,0.839348178,0.207388647,,,,,3.11718073,,0.875140742,12.18778033,6.011125687,1.582808917,2.101915779,,7.374307351,9.968193821,,10.06116803,7.533559812,2.310226181,10.65949277,3.701389241,10.98260818,0.59075605,2.719045542,,,24.77829829,,1.081088408,,6.005607556,,,,,6.894676197,19.3179583,,,0.195268488,7.297914923,0.058402703,,,18.43339269,1.833758943,,,4.521452898,,,7.929069206,,,0.569308943,4.8682615,,1.175277419,,0.663391827,,9.620708098,,8.392189239,0.228892633,15.4947688,0.180076738,,0.82213337,,0.325364617,,1.606082924,9.86852556,1.388969272,8.067821495,,5.009485854,2.008731935,27.8904386,3.985561396,8.979987908,0.092656858,,3.438696685,,,9.928877388,,,,,1.376634431,,,,,,28.2818745,7.428982583,8.444913694,,,1.620255469,,,17.09478162,,7.240671439,,,0.838872121,1.046766079,0.412037244,11.68406818,,,3.602087945,,0.282956671,,16.46293566,2.066694648,,5.171395669,,4.109694592,3.158294096,,2.902539283,1.691044971,,,0.506842899,0.933716625,2.522913584,2.910711611,,17.83050693,0.111622802,3.889330961,,,,,,,,
2016,,5.922905553,2.021233135,,11.01057491,,,,,19.41269627,4.286568355,1.924918915,,15.35685203,10.55638267,3.56270213,,12.65545404,0.737461705,,18.37290918,,,,,6.046480726,1.920205203,,,5.635992954,16.59624314,2.357634608,5.461804657,0.23713006,,0.606842666,1.670098865,0.487052134,14.4393243,,4.857923458,6.32053536,5.715509304,2.201669237,,,,12.77537136,2.463537912,5.345438214,,,0.626593576,8.667800858,,,27.74788774,5.882765195,12.57555516,9.403602283,,10.39068689,6.712701537,,,0.674876345,,,,5.336416446,,0.874488767,0.426754371,,,,,3.082063371,,0.811887116,11.28227859,6.158365719,1.631902881,2.099081604,,6.749055782,10.40123093,,9.899780721,7.326910632,2.483002967,10.46636768,3.176938572,9.919223071,0.573658823,2.829387506,,,26.53202687,,1.84899562,,6.089053021,,,,,7.292326036,16.82657611,,,0.190361981,7.12342582,0.07132752,,,19.62668776,1.868379718,,,4.375135025,,,7.856962491,,,0.576610909,4.802242622,,1.159794561,,0.657529644,,9.375547828,,8.165753765,0.33876878,15.29968827,0.179940802,,0.952713511,,0.554871725,,1.699242733,9.83345212,1.478052985,8.016988323,,5.269253993,1.998816103,27.4886462,4.065154648,8.689047843,0.093982859,,2.879841848,,,10.02992992,,,,,1.354561468,,,,,,25.92005193,7.483958895,8.750873197,,,1.797456805,,,19.2299727,,7.152690907,,,0.874502656,1.530133343,0.355677556,11.82747433,,,3.604456593,,0.315414221,,19.29362362,1.985825884,,5.162124516,,4.011465159,2.858456028,,2.303917601,1.734185755,,,0.454747655,0.815446023,2.60277822,2.613904183,,17.29785635,0.1253224,4.073077669,,,,,,,,
2017,,5.773594981,2.068449358,,10.85405984,,,,,17.83500202,4.330186421,2.033715497,,15.35414281,10.43257081,3.410521918,,13.18098013,0.778971581,,17.65519735,,,,,6.16737379,1.96878449,,,4.755562402,19.56000335,2.394889311,5.720725638,0.256278302,,0.588861787,1.744541883,0.460600034,14.45528176,,4.811690094,6.477449151,6.458793089,2.003819061,,,,13.37937432,2.45632521,5.218097125,,,0.610101024,8.574928485,,,26.53357367,6.298197435,12.72916605,9.625432038,,10.0700781,6.667132181,,,0.636778941,,,,5.326120992,,0.918593067,0.421394405,,,,,2.99480368,,0.842051838,11.55678891,6.682816864,1.684829551,2.132586572,,7.139199543,10.4532536,,9.355541657,7.423107834,2.23324797,10.3203844,3.08707037,10.25322998,0.536300289,2.710944689,,,24.27561951,,2.988317809,,7.290489047,,,,,7.658317409,16.28421404,,,0.212479836,7.121797024,0.063715081,,,18.20595332,1.874732166,,,4.222815315,,,9.836920185,,,0.443666364,3.925128588,,1.113303661,,0.585184471,,9.447109481,,8.108882546,0.412228095,14.93815081,0.191720879,,1.120783283,,4.307599761,,1.8775675,9.767755331,1.565300228,8.352569753,,5.637499964,2.008923388,26.82930427,4.28743237,8.227118936,0.137355146,,2.865511488,,,10.50855521,,,,,1.246231242,,,,,,26.87392651,7.51396703,9.434938753,,,1.728917251,,,15.1388356,,7.183777598,,,0.898329988,1.646020822,0.329601533,12.19348858,,,3.650318241,,0.251082576,,16.87128493,1.963375686,,5.368561751,,4.056158219,2.913184501,,2.134498438,1.688096934,,,0.469243535,0.675542795,2.525562931,2.676040598,,17.07879613,0.179958123,4.337933224,,,,,,,,
2018,,5.645648076,2.065753613,,10.69453842,,,,,17.66951425,3.999459985,2.498627738,,14.62255242,10.32719481,3.481558572,,13.25756048,0.793766852,,18.19257298,,,,,6.541789068,1.94720298,,,4.774968192,21.59304955,2.277415242,5.718524001,0.285057567,,0.558334896,1.993692699,0.42139437,14.2765188,,4.92832374,6.771081882,6.389565083,1.980075435,,,,13.9579522,2.518264205,5.827445598,,,0.586059741,8.699658695,,,27.01000386,6.344503915,13.59114108,9.35401477,,10.49230518,6.639577691,,,0.652837108,,,,5.455837625,,1.369736435,0.415998134,,,,,3.311936273,,0.813562957,11.39169598,6.835725533,1.776387456,2.266271594,,6.828470542,10.49207292,,9.695046983,7.521983452,2.607478746,10.1309669,2.993451636,9.268733542,0.552810281,3.162821399,,,24.08411963,,3.034564644,,8.316207126,,,,,7.980729648,15.79354283,,,0.188728224,7.634184115,0.144322566,,,21.04718198,1.897543083,,,4.226307413,,,12.95424039,,,0.433804137,3.673223371,,1.047999972,,0.534985492,,9.316833323,,8.041126574,0.914061923,14.84887388,0.187019779,,1.05845872,,4.049403938,,1.959003174,9.783587243,1.609485801,8.615216709,,5.423138466,2.022025625,24.76148756,4.483963534,7.986569264,0.153832552,,2.949366826,,,10.74404108,,,,,1.391782028,,,,,,27.55146282,7.734307371,10.03725681,,,1.651321944,,,14.66633014,,7.172275405,,,0.952679724,1.342662442,0.339902727,12.26575617,,,3.838085704,,0.987450848,,15.38284147,2.460739052,,5.139525143,,4.752928626,3.075217637,,-1.197962036,1.835221299,,,0.462556038,0.727675133,2.378007334,2.646624829,,17.47474485,0.174014198,4.391526508,,,,,,,,
2019,,5.92072881,2.029797316,,10.11956599,,,,,17.97016202,3.733361463,2.474684482,,14.32459143,10.06949371,3.716438773,,14.34685595,0.845674208,,17.52147244,,,,,6.509622574,1.9412659,,,4.701960474,22.97373804,2.250958172,5.625468981,0.293743129,,0.505498418,2.362142151,0.396344925,13.9271725,,5.124203727,6.984808029,6.147199464,2.060716188,,,,13.67127708,2.420399754,5.6865158,,,0.57093301,8.034917229,,,26.127612,5.987534163,11.02801048,9.526968721,,9.650628077,6.441250813,,,0.649505477,,,,5.023508553,,1.383978266,0.459055104,,,,,3.200319507,,0.91196465,11.41303463,6.680225416,1.77333232,2.465077548,,7.544965296,10.25759908,,9.298856088,7.277775832,2.896004759,9.939270465,2.8376016,8.619610544,0.560172478,2.73179558,,,24.13715071,,2.912762843,,8.026485021,,,,,7.645723203,15.04388094,,,0.20360559,7.866935211,0.141890718,,,19.50380732,1.992410949,,,4.144026951,,,12.99709506,,,0.43786163,3.709530279,,1.007109325,,0.610821723,,9.150382768,,7.966249072,0.849357614,15.08346717,0.185964402,,1.022706998,,4.12913594,,1.921523743,9.617662856,1.6037698,8.121645985,,5.090387946,2.051594369,26.48399582,4.347975957,7.659018729,0.156633862,,3.080707914,,,10.33125489,,,,,1.5103459,,,,,,27.36664107,7.386204868,9.748445384,,,1.688229434,,,14.19334744,,6.718847299,,,0.960115634,1.345014026,0.352964585,12.22514994,,,3.827664598,,0.982385983,,17.05149166,2.354532383,,4.739397686,,4.655731885,3.029626862,,0.195000753,2.36051944,,,0.481897178,0.666653294,2.419502135,2.688947136,,17.0458863,0.181290679,4.444567875,,,,,,,,
2020,,5.367978842,2.012278986,,9.251551213,,,,,17.28684752,3.48263808,2.669795638,,13.83456932,9.08555524,3.68806813,,14.70399717,0.838379541,,15.43495659,,,,,6.059401645,1.628337484,,,4.277800599,23.5902428,2.014514754,5.150580119,0.264331128,,0.536528831,2.37738811,0.397284566,12.67564568,,4.301173323,6.998817579,5.17188577,1.939754877,,,,12.69510725,2.104641619,5.506570994,,,0.54382792,7.283541845,,,23.31136675,5.265089861,9.34443271,9.386202242,,8.689009503,5.818757624,,,0.696585478,,,,4.963903004,,1.219647753,0.456238561,,,,,3.432740861,,0.779241719,10.90660686,6.208783832,1.609737698,2.294242836,,7.90592249,8.864950479,,8.768346726,6.487246116,2.527871577,9.467939342,2.531147057,9.059982002,0.578944858,2.500360318,,,22.51610157,,2.940500989,,7.220360855,,,,,7.103618204,12.649449,,,0.192491264,7.405088911,0.144227239,,,16.35271015,1.834395002,,,3.671870911,,,10.18469585,,,0.398790964,3.436144338,,0.867272212,,0.634453254,,8.749499753,,7.661703417,0.903814001,14.85247058,0.171642085,,1.09161557,,3.700962836,,1.751160916,8.635189297,1.480865079,7.557172741,,4.617830004,1.704243082,27.71117072,4.143716826,6.821573041,0.148390863,,2.892324711,,,9.460900642,,,,,1.368451949,,,,,,24.07117654,6.808112844,8.876858731,,,1.669724526,,,12.33880948,,5.91207284,,,0.854270959,1.327226791,0.343294149,11.83815151,,,3.80677261,,0.845298475,,16.94243048,2.243974805,,4.745122352,,4.303004719,2.962626193,,2.192952144,2.482897724,,,0.396799085,0.581180224,2.243539751,2.199379769,,15.43975583,0.164469239,4.062017463,,,,,,,,
2021,,5.027807077,2.143054811,,9.931608453,,,,,18.98801059,3.956951002,2.871291528,,13.19528281,9.861958229,3.777119191,,12.08632749,0.926042582,,17.06918853,,,,,6.385021268,1.838499232,,,4.392442812,22.37225876,2.172598357,5.883150824,0.295959179,,0.560656988,2.337045406,0.395137578,13.15687438,,4.664917748,7.294101386,5.368481291,2.01274495,,,,13.28859257,2.34181232,5.698997693,,,0.640441099,8.007170871,,,24.70575736,5.744068342,10.40226507,9.443061229,,9.285381915,6.401505598,,,0.761873005,,,,4.915634829,,1.374825986,0.458294641,,,,,3.69222295,,0.81609442,11.97013361,6.761487843,1.74063238,2.293851983,,7.919593039,9.365237442,,9.165422387,7.316301366,2.619129715,9.813740239,2.550384911,8.55378321,0.59938934,2.848488367,,,22.69009725,,3.115774061,,8.081672687,,,,,7.954960991,13.75459276,,,0.208866111,7.636685001,0.152214141,,,19.22703076,1.996629463,,,3.906974948,,,11.4257141,,,0.442640151,3.675946613,,0.95493202,,0.633425314,,8.240926696,,7.964907294,0.979803921,15.77815675,0.184735051,,1.16467517,,4.070285735,,1.976565825,9.222306227,1.59557584,8.287169017,,4.764850264,1.816498426,26.21958274,4.448727686,7.503305649,0.172613232,,3.215255292,,,10.37473916,,,,,1.534153278,,,,,,26.90361653,7.592982773,9.758800798,,,1.866856966,,,13.57562862,,6.47701077,,,0.924439109,1.304247849,0.378171568,12.27820119,,,3.87448361,,0.954304591,,13.73494671,2.424808851,,4.965435494,,4.509735519,3.465965805,,2.024314512,2.088854182,,,0.381510415,0.671671859,2.537332726,2.503408158,,16.52772365,0.168032853,4.3749591,,,,,,,,
2022,,4.71490203,2.116017156,,9.988046877,,,,,19.01813077,4.288996618,2.587513114,,12.95081756,9.55906724,3.683686755,,10.64335604,0.960593989,,17.33237931,,,,,6.455154372,1.822243092,,,4.436686974,21.23487201,2.12897707,6.187391744,0.304995704,,0.559153452,2.29646725,0.390463234,13.05328787,,4.582377244,7.230394318,5.613957145,2.01640613,,,,13.15655782,2.364061813,5.713512298,,,0.638055901,7.720296668,,,25.97836551,5.735951603,10.7764192,10.14458352,,9.025194265,6.317094248,,,0.735777741,,,,4.686936535,,1.343623829,0.462785352,,,,,3.554308651,,0.816803829,12.65179703,6.300788538,1.811342784,2.590595032,,7.872567054,9.439811081,,9.268326631,7.463556114,2.553462096,9.652461219,2.474793921,7.123183537,0.585215078,2.867724496,,,22.78573291,,3.225696347,,7.907217514,,,,,7.910859965,13.55144156,,,0.198120919,7.809599095,0.14433493,,,19.80156989,1.892857464,,,4.053591992,,,11.46206736,,,0.434522579,3.646457438,,0.97672958,,0.574741024,,6.870594089,,7.553736649,1.022630925,15.30341774,0.177775106,,1.050694986,,4.014602431,,1.996565569,8.974759414,1.618142987,7.619419304,,4.758752062,1.904451825,23.29486383,4.250407708,7.236553099,0.163152303,,3.235664724,,,10.34130406,,,,,1.562640064,,,,,,28.6774295,6.963431785,9.928089048,,,1.773458519,,,13.95568798,,6.488306812,,,0.889171908,1.326382249,0.364064426,12.19724582,,,3.906861972,,0.998689186,,11.21058572,2.372792359,,4.845743924,,4.080093318,3.53579561,,2.161096635,1.965149999,,,0.405371753,0.658042073,2.484974719,2.606544081,,16.68053589,0.157938175,4.256430896,,,,,,,,
2023,,,,,,,,,,,,,,,,,,,,,,,,,,,,,,,,,,,,,,,,,,,,,,,,,,,,,,,,,,,,,,,,,,,,,,,,,,,,,,,,,,,,,,,,,,,,,,,,,,,,,,,,,,,,,,,,,,,,,,,,,,,,,,,,,,,,,,,,,,,,,,,,,,,,,,,,,,,,,,,,,,,,,,,,,,,,,,,,,,,,,,,,,,,,,,,,,,,,,,,,,,,,,,,,,,,,,,,,,,,,,
